<?xml version="1.0" encoding="US-ASCII"?>
<dblp>
<article key="journals/semweb/0002PVEB17" mdate="2017-05-20">
<author>Giuseppe Rizzo 0002</author>
<author>Bianca Pereira</author>
<author>Andrea Varga</author>
<author>Marieke van Erp</author>
<author>Amparo Elizabeth Cano Basave</author>
<title>Lessons learnt from the Named Entity rEcognition and Linking (NEEL) challenge series.</title>
<abstract> 
<introduction>
The large number of tweets generated daily is providing decision makers with means to obtain insights into recent events around the globe in near real-time. The main barrier for extracting such insights is the impossibility of manual inspection of a diverse and dynamic amount of information. This problem has attracted the attention of industry and research communities, resulting in algorithms for the automatic extraction of semantics in tweets and linking them to machine readable resources. While a tweet is shallowly comparable to any other textual content, it hides a complex and challenging structure that requires domain-specific computational approaches for mining semantics from it. The NEEL challenge series, established in 2013, has contributed to the collection of emerging trends in the field and definition of standardised benchmark corpora for entity recognition and linking in tweets, ensuring high quality labelled data that facilitates comparisons between different approaches. 
</introduction>
<results>
This article reports the findings and lessons learnt through an analysis of specific characteristics of the created corpora, limitations, lessons learnt from the different participants and pointers for furthering the field of entity recognition and linking in tweets. 
</results>
</abstract> 
<pages>667-700</pages>
<year>2017</year>
<volume>8</volume>
<journal>Semantic Web</journal>
<number>5</number>
<ee>https://doi.org/10.3233/SW-170276</ee>
<url>db/journals/semweb/semweb8.html#0002PVEB17</url>
</article></dblp>
