<?xml version="1.0" encoding="US-ASCII"?>

<dblp>


<article mdate="2017-05-20" key="journals/semweb/Kuhn10">

<author>Werner Kuhn</author>

<title>Modeling vs encoding for the Semantic Web.</title>

<abstract><introduction>The Semantic Web emphasizes encoding over modeling. It is built on the premise that ontology engineers can say something useful about the semantics of vocabularies by expressing themselves in an encoding language for automated reasoning. This assumption has never been systematically tested and the shortage of documented successful applications of Semantic Web ontologies suggests it is wrong. Rather than blaming OWL and its expressiveness (in whatever flavor) for this state of affairs, we should improve the modeling techniques with which OWL code is produced. 
</introduction>
<method> 
I propose, therefore, to separate the concern of modeling from that of encoding, as it is customary for database or user interface design. Modeling semantics is a design task, encoding it is an implementation. 
</method> <discussion_conclusion>
Ontology research, for applications in the Semantic Web or elsewhere, should produce languages for both. Ontology modeling languages primarily support ontological distinctions and secondarily (where possible and necessary) translation to encoding languages.</discussion_conclusion></abstract>

<pages>11-15</pages>

<year>2010</year>

<volume>1</volume>

<journal>Semantic Web</journal>

<number>1-2</number>

<ee>https://doi.org/10.3233/SW-2010-0012</ee>

<url>db/journals/semweb/semweb1.html#Kuhn10</url>

</article>

</dblp>