<?xml version="1.0" encoding="US-ASCII"?>

<dblp>


<article mdate="2017-06-08" key="journals/semweb/LopezFMS12">

<author>Vanessa L�pez</author>

<author>Miriam Fern�ndez</author>

<author orcid="0000-0003-0015-1952">Enrico Motta</author>

<author>Nico Stieler</author>

<title>PowerAqua: Supporting users in querying and exploring the Semantic Web.</title>

<abstract><introduction>With the continued growth of online semantic information, the processes of searching and managing this massive scale and heterogeneous content have become increasingly challenging. 
</introduction>
<method> In this work, we present PowerAqua, an ontologybased Question Answering system that is able to answer queries by locating and integrating information, which can be distributed across heterogeneous semantic resources. 
</method> <discussion_conclusion>We provide a complete overview of the system including: the research challenges that it addresses, its architecture, the evaluations that have been conducted to test it, and an in-depth discussion showing how PowerAqua effectively supports users in querying and exploring Semantic Web content.</discussion_conclusion></abstract>

<pages>249-265</pages>

<year>2012</year>

<volume>3</volume>

<journal>Semantic Web</journal>

<number>3</number>

<ee>https://doi.org/10.3233/SW-2011-0030</ee>

<url>db/journals/semweb/semweb3.html#LopezFMS12</url>

</article>

</dblp>