<?xml version="1.0" encoding="US-ASCII"?>

<dblp>


<article mdate="2017-06-14" key="journals/semweb/LambrixK17">

<author orcid="0000-0002-9084-0470">Patrick Lambrix</author>

<author>Rajaram Kaliyaperumal</author>

<title>A session-based ontology alignment approach enabling user involvement.</title>

<abstract><introduction>One of the current challenges in ontology alignment is the user involvement in the alignment process. To obtain high-quality alignments user involvement is needed for validation of matching results as well as in the mapping generation process. Further, there is a need for supporting the user in tasks such as matcher selection, combination and tuning. In this paper we introduce a conceptual ontology alignment framework that enables user involvement in a natural way. This is achieved by introducing different kinds of interruptible sessions. 
</introduction>
<method> 
The framework allows partial computations for generating mapping suggestions, partial validations of mapping suggestions, recommendations for alignment strategies as well as the use of validation decisions in the (re-)computation of mapping suggestions and the recommendations. 
</method> 
<results>
Further, we show the feasibility of the approach by implementing a session-based version of an existing system. We also show through experiments the advantages of our approach for ontology alignment as well as for evaluation of ontology alignment strategies.</results></abstract>

<pages>225-251</pages>

<year>2017</year>

<volume>8</volume>

<journal>Semantic Web</journal>

<number>2</number>

<ee>https://doi.org/10.3233/SW-160243</ee>

<url>db/journals/semweb/semweb8.html#LambrixK17</url>

</article>

</dblp>