<?xml version="1.0" encoding="US-ASCII"?>

<dblp>


<article mdate="2017-06-08" key="journals/semweb/LehmannC15">

<author>Jens Lehmann</author>

<author orcid="0000-0002-9260-0753">�scar Corcho</author>

<title>2nd special issue on Linked Dataset Descriptions.</title>

<abstract><introduction>The Linked Dataset special issue gathers descriptions of mature and useful datasets thereby awarding researchers and practitioners who create and maintain those datasets with academic recognition.</introduction>
<method>  In this editorial, we briefly summarise the contributions to the 2nd special issue on Linked Dataset Descriptions at the Semantic Web Journal.</method></abstract>

<pages>103-104</pages>

<year>2015</year>

<volume>6</volume>

<journal>Semantic Web</journal>

<number>2</number>

<ee>https://doi.org/10.3233/SW-150170</ee>

<url>db/journals/semweb/semweb6.html#LehmannC15</url>

</article>

</dblp>