<?xml version="1.0" encoding="US-ASCII"?>

<dblp>


<article mdate="2017-05-20" key="journals/semweb/LiebigLNW11">

<author>Thorsten Liebig</author>

<author>Marko Luther</author>

<author>Olaf Noppens</author>

<author>Michael Wessel</author>

<title>OWLlink.</title>

<abstract><introduction>A semantic application typically is a heterogenous system of interconnected components, most notably a reasoner. OWLlink is an implementation-neutral protocol for communication between OWL?2 components, published as a W3C Member Submission. It specifies how to manage reasoning engines and their Knowledge Bases, how to assert axioms, and how to query inference results. A key feature of OWLlink is its extensibility, which allows the addition of required functionality to the protocol. </introduction>
<method> 
We introduce the OWLlink structural specification as well as three bindings which use HTTP as concrete transport protocol for exchanging OWLlink messages rendered according to selected OWL?2 syntaxes. Finally, we report on existing APIs, reasoners and applications that implement OWLlink.</method> </abstract>

<pages>23-32</pages>

<year>2011</year>

<volume>2</volume>

<journal>Semantic Web</journal>

<number>1</number>

<ee>https://doi.org/10.3233/SW-2011-0027</ee>

<url>db/journals/semweb/semweb2.html#LiebigLNW11</url>

</article>

</dblp>