<?xml version="1.0" encoding="US-ASCII"?>

<dblp>


<article mdate="2017-05-20" key="journals/semweb/LombardoBPDL15">

<author>Vincenzo Lombardo</author>

<author>Cristina Battaglino</author>

<author>Antonio Pizzo</author>

<author>Rossana Damiano</author>

<author>Antonio Lieto</author>

<title>Coupling conceptual modeling and rules for the annotation of dramatic media.</title>

<abstract><introduction>This paper presents an ontological approach to the domain of drama. After a description of the drama domain in a cross-cultural and media setting, we introduce the ontology Drammar. 
</introduction>
<method>
Drammar consists of two components, encoding respectively the conceptual model and the SWRL rules. The conceptual model, mainly grounding in AI theories, represents the major concepts of drama, such as agents, actions, plans, units, emotions and values. Then, the paper focuses on the rule component that augments the representation by mapping the intentions of the characters onto the actions actually performed and by appraising the emotion felt by the characters in the drama. 
</method> 
<results>To illustrate the functioning of the ontology we introduce a running example from an excerpt of the drama Hamlet. Finally, we carry out an evaluation of the approach on an annotation task that is relevant for drama studies research and teaching. </results>
<discussion_conclusion>In particular, the emotion appraisal is tested on the main characters of four dramas of different nature, by computing precision and recall results with respect to a human annotator.
</discussion_conclusion></abstract>

<pages>503-534</pages>

<year>2015</year>

<volume>6</volume>

<journal>Semantic Web</journal>

<number>5</number>

<ee>https://doi.org/10.3233/SW-140156</ee>

<url>db/journals/semweb/semweb6.html#LombardoBPDL15</url>

</article>

</dblp>