<?xml version="1.0" encoding="US-ASCII"?>

<dblp>


<article mdate="2017-06-08" key="journals/semweb/Kuhn13">

<author orcid="0000-0002-1267-0234">Tobias Kuhn</author>

<title>The understandability of OWL statements in controlled English.</title>

<abstract><introduction>Different kinds of controlled natural language (CNL) have been proposed as a front-end for Semantic Web systems, in order to make them more accessible to users with no background in formal notations and methods. 
</introduction>
<method> 
This paper investigates whether OWL statements in CNL are indeed easier to understand than in other notations. To this aim, an experiment with 64 participants was conducted that compares a controlled natural language to a classical OWL notation. Concretely, Attempto Controlled English was compared to a simplified version of the Manchester OWL Syntax. 
</method> 
<results>
For a reliable and tool-independent evaluation of understandability, the experiment is based on a novel evaluation framework making use of simple and intuitive diagrams. 
</results>
<discussion_conclusion>
The results show that CNL is easier to understand, needs less learning time, and is more accepted by its users.
</discussion_conclusion></abstract>

<pages>101-115</pages>

<year>2013</year>

<volume>4</volume>

<journal>Semantic Web</journal>

<number>1</number>

<ee>https://doi.org/10.3233/SW-2012-0063</ee>

<url>db/journals/semweb/semweb4.html#Kuhn13</url>

</article>

</dblp>