<?xml version="1.0" encoding="US-ASCII"?>

<dblp>


<article mdate="2017-05-20" key="journals/semweb/LamprechtSHNTNM15">

<author>Daniel Lamprecht</author>

<author>Markus Strohmaier</author>

<author>Denis Helic</author>

<author>Csongor Nyulas</author>

<author>Tania Tudorache</author>

<author>Natalya Fridman Noy</author>

<author>Mark A. Musen</author>

<title>Using ontologies to model human navigation behavior in information networks: A study based on Wikipedia.</title>

<abstract><introduction>
The need to examine the behavior of different user groups is a fundamental requirement when building information systems. 
</introduction>
<method>
In this paper, we present Ontology-based Decentralized Search (OBDS), a novel method to model the navigation behavior of users equipped with different types of background knowledge. Ontology-based Decentralized Search combines ontologies and decentralized search, an established method for navigation in social networks, to model navigation behavior in information networks. The method uses ontologies as an explicit representation of background knowledge to inform the navigation process and guide it towards navigation targets. By using different ontologies, users equipped with different types of background knowledge can be represented. 
</method> 
<results>
We demonstrate our method using four biomedical ontologies and their associated Wikipedia articles. We compare our simulation results with base line approaches and with results obtained from a user study and find that our method produces click paths that have properties similar to those originating from human navigators. 
</results>
<discussion_conclusion>
The results suggest that our method can be used to model human navigation behavior in systems that are based on information networks such as Wikipedia.</discussion_conclusion></abstract>

<pages>403-422</pages>

<year>2015</year>

<volume>6</volume>

<journal>Semantic Web</journal>

<number>4</number>

<ee>https://doi.org/10.3233/SW-140143</ee>

<url>db/journals/semweb/semweb6.html#LamprechtSHNTNM15</url>

</article>

</dblp>