<?xml version="1.0" encoding="US-ASCII"?>

<dblp>
<article mdate="2017-06-14" key="journals/semweb/LehmannIJJKMHMK15">

<author>Jens Lehmann</author>

<author>Robert Isele</author>

<author>Max Jakob</author>

<author>Anja Jentzsch</author>

<author orcid="0000-0002-2300-4421">Dimitris Kontokostas</author>

<author>Pablo N. Mendes</author>

<author>Sebastian Hellmann</author>

<author>Mohamed Morsey</author>

<author>Patrick van Kleef</author>

<author>S�ren Auer</author>

<author>Christian Bizer</author>

<title>DBpedia - A large-scale, multilingual knowledge base extracted from Wikipedia.</title>

<abstract><introduction>The DBpedia community project extracts structured, multilingual knowledge from Wikipedia and makes it freely available on the Web using Semantic Web and Linked Data technologies. </introduction>
<method> 

The project extracts knowledge from 111 different language editions of Wikipedia. The largest DBpedia knowledge base which is extracted from the English edition of Wikipedia consists of over 400 million facts that describe 3.7 million things. The DBpedia knowledge bases that are extracted from the other 110 Wikipedia editions together consist of 1.46 billion facts and describe 10 million additional things. The DBpedia project maps Wikipedia infoboxes from 27 different language editions to a single shared ontology consisting of 320 classes and 1,650 properties. The mappings are created via a world-wide crowd-sourcing effort and enable knowledge from the different Wikipedia editions to be combined. The project publishes releases of all DBpedia knowledge bases for download and provides SPARQL query access to 14 out of the 111 language editions via a global network of local DBpedia chapters. In addition to the regular releases, the project maintains a live knowledge base which is updated whenever a page in Wikipedia changes. DBpedia sets 27 million RDF links pointing into over 30 external data sources and thus enables data from these sources to be used together with DBpedia data. Several hundred data sets on the Web publish RDF links pointing to DBpedia themselves and make DBpedia one of the central interlinking hubs in the Linked Open Data (LOD) cloud. 
</method><discussion_conclusion>
In this system report, we give an overview of the DBpedia community project, including its architecture, technical implementation, maintenance, internationalisation, usage statistics and applications. </abstract>
</discussion_conclusion>
<pages>167-195</pages>

<year>2015</year>

<volume>6</volume>

<journal>Semantic Web</journal>

<number>2</number>

<ee>https://doi.org/10.3233/SW-140134</ee>

<url>db/journals/semweb/semweb6.html#LehmannIJJKMHMK15</url>

</article>

</dblp>