<?xml version="1.0" encoding="US-ASCII"?>
<dblp>
<article key="journals/semweb/AlbertoniMFSP14" mdate="2017-06-08">
<author orcid="0000-0001-5648-2713">Riccardo Albertoni</author>
<author>Monica De Martino</author>
<author>Sabin Di Franco</author>
<author>Valentina De Santis</author>
<author>Paolo Plini</author>
<title>EARTh: An Environmental Application Reference Thesaurus in the Linked Open Data cloud.</title>
<abstract>
<introduction>
 The paper aims at providing a description of EARTh, the Environmental Application Reference Thesaurus. 
</introduction>
<method> 
It represents a general-purpose thesaurus for the environment, which has been published as a SKOS dataset in the Linked Open Data cloud. 
</method> 
<results>
It promises to become a core tool for indexing and discovery environmental resources by refining and extending GEMET, which is considered the de facto standard when speaking of general-purpose thesaurus for the environment in Europe, besides it has been interlinked to popular LOD datasets as AGROVOC, EUROVOC, DBPEDIA and UMTHES. 
</results>
<discussion_conclusion>
The paper illustrates the main characteristics of EARTh as a guide to its usage. It clarifies (i) the methodology adopted to define the EARTh content; (ii) the design and technological choices made when publishing EARTh as Linked Data; (iii) the information pertaining to its access and maintenance. Descriptions of EARTh applications and future relevance are highlighted. 
</discussion_conclusion>
</abstract>
<pages>165-171</pages>
<year>2014</year>
<volume>5</volume>
<journal>Semantic Web</journal>
<number>2</number>
<ee>https://doi.org/10.3233/SW-130122</ee>
<url>db/journals/semweb/semweb5.html#AlbertoniMFSP14</url>
</article></dblp>
