<?xml version="1.0" encoding="US-ASCII"?>
<dblp>
<article key="journals/semweb/Amaral13" mdate="2017-05-20">
<author>Fernando N&#225;ufel do Amaral</author>
<title>Model outlines: A visual language for DL concept descriptions.</title>
<abstract>
<introduction>
The development and use of ontologies may require users with no training in formal logic to handle complex concept descriptions. 
</introduction>
<method> 
To aid such users, we propose a new visualization framework called �model outlines�, where more emphasis is placed on the semantics of concept descriptions than on their syntax. 
</method> 
<results>
We present a rigorous definition of our visual language, as well as detailed algorithms for translating between model outlines and the Description Logic $\mathcal {ALCN}$. 
</results>
<discussion_conclusion>
We have recently conducted a usability study comparing model outlines and Manchester OWL; here, we report on its results, which indicate the potential benefits of our visual language for understanding concept descriptions.
</discussion_conclusion>
</abstract> 
<pages>429-455</pages>
<year>2013</year>
<volume>4</volume>
<journal>Semantic Web</journal>
<number>4</number>
<ee>https://doi.org/10.3233/SW-2012-0075</ee>
<url>db/journals/semweb/semweb4.html#Amaral13</url>
</article></dblp>
