<?xml version="1.0" encoding="US-ASCII"?>
<dblp>
<article key="journals/semweb/AndrewsZP12" mdate="2017-05-20">
<author>Pierre Andrews</author>
<author>Ilya Zaihrayeu</author>
<author>Juan Pane</author>
<title>A classification of semantic annotation systems.</title>
<abstract> 
<introduction>
The Subject-Predicate-Object triple annotation system is now well adopted in the research community, however, it does not always speak to end-users. In fact, explaining all the complexity of semantic annotation systems to laymen can sometime be difficult. We believe that this communication can be simplified by providing a meaningful abstraction of the state of the art in semantic annotation models and thus, 
</introduction>
<method> 
in this article, we describe the issue of semantic annotation and review a number of research and end-user tools in the field.
</method> 
<results>
Doing so, we provide a clear classification scheme of the features of annotation systems. We then show how this scheme can be used to clarify requirements of end-user use cases and thus simplify the communication between semantic annotation experts and the actual users of this technology. 
</results>
</abstract>
<pages>223-248</pages>
<year>2012</year>
<volume>3</volume>
<journal>Semantic Web</journal>
<number>3</number>
<ee>https://doi.org/10.3233/SW-2011-0056</ee>
<url>db/journals/semweb/semweb3.html#AndrewsZP12</url>
</article></dblp>
