<?xml version="1.0" encoding="US-ASCII"?>
<dblp>
<article key="journals/semweb/AngroshCS14" mdate="2017-05-20">
<author>M. A. Angrosh</author>
<author>Stephen Cranefield</author>
<author>Nigel Stanger</author>
<title>Contextual information retrieval in research articles: Semantic publishing tools for the research community.</title>
<abstract>
<introduction> 
In recent years, the dramatic increase in academic research publications has gained significant research attention. Research has been carried out exploring novel ways of providing information services using this research content. However, the task of extracting meaningful information from research documents remains a challenge. 
</introduction>
<method> 
This paper presents our research work on developing intelligent information systems that exploit online article databases. We present in this paper, a linked data application which uses a new semantic publishing model for providing value added information services for the research community. The paper presents a conceptual framework for modelling contexts associated with sentences in research articles and discusses the Sentence Context Ontology, which is used to convert the information extracted from research documents into machine-understandable data. The paper reports supervised learning experiments carried out using conditional probabilistic models for achieving automatic context identification. The paper also describes a Semantic Web Application that provides various citation context based information services. 
</method> 
</abstract> 
<pages>261-293</pages>
<year>2014</year>
<volume>5</volume>
<journal>Semantic Web</journal>
<number>4</number>
<ee>https://doi.org/10.3233/SW-130097</ee>
<url>db/journals/semweb/semweb5.html#AngroshCS14</url>
</article></dblp>
