<?xml version="1.0" encoding="US-ASCII"?>
<dblp>
<article key="journals/semweb/AnibaldiJCSK15" mdate="2017-06-08">
<author>Stefano Anibaldi</author>
<author>Yves Jaques</author>
<author>Fabrizio Celli</author>
<author orcid="0000-0001-5374-2807">Armando Stellato</author>
<author>Johannes Keizer</author>
<title>Migrating bibliographic datasets to the Semantic Web: The AGRIS case.</title>
<abstract>
<introduction>
AGRIS is among the most comprehensive online collections of agricultural and related sciences information. It is a growing global catalog of 5 million high-quality structured bibliographic records indexed from a worldwide group of providers. AGRIS relies heavily on the AGROVOC thesaurus for its indexing. Following the conversion of that thesaurus into a SKOS concept-scheme and its publication as Linked Open Data (LOD), the entire set of AGRIS records was also triplified and released as LOD. 
</introduction>
<method> 
As part of this exercise, OpenAGRIS, a semantic mashup application, was developed to dynamically combine AGRIS data with external data sources, using a mixture of SPARQL queries and web services. 
</method> 
<results>
The re-engineering of AGRIS for the Semantic Web raised numerous issues regarding the relative lack of administrative metadata required to compellingly address the proof and trust layers of the Semantic Web stack, both within the AGRIS repository and in the external data pulled into OpenAGRIS. 
</results>
<discussion_conclusion>
The AGRIS team began a process of disambiguation and enrichment to continue moving toward an entity-based view of its resources, beginning with the tens of thousands of journals attached to its records. The evolution of the system, the issues raised during the triplification process and the steps necessary for publishing the result as LOD content are hereby discussed and evaluated. 
</discussion_conclusion>
</abstract>
<pages>113-120</pages>
<year>2015</year>
<volume>6</volume>
<journal>Semantic Web</journal>
<number>2</number>
<ee>https://doi.org/10.3233/SW-130128</ee>
<url>db/journals/semweb/semweb6.html#AnibaldiJCSK15</url>
</article></dblp>
