<?xml version="1.0" encoding="US-ASCII"?>
<dblp>
<article key="journals/semweb/AnicicRFS12" mdate="2017-06-14">
<author>Darko Anicic</author>
<author orcid="0000-0002-1609-2080">Sebastian Rudolph</author>
<author>Paul Fodor</author>
<author>Nenad Stojanovic</author>
<title>Stream reasoning and complex event processing in ETALIS.</title>
<abstract>
<introduction>
Addressing dynamics and notifications in the Semantic Web realm has recently become an important area of research. Run time data is continuously generated by multiple social networks, sensor networks, various on-line services and so forth. How to get advantage of this continuously arriving data (events) remains a challenge � that is, how to integrate heterogeneous event streams, combine them with background knowledge (e.g., an ontology), and perform event processing and stream reasoning. 
</introduction>
<method> 

In this paper we describe ETALIS � a system which enables specification and monitoring of changes in near real time. Changes can be specified as complex event patterns, and ETALIS can detect them in real time. Moreover the system can perform reasoning over streaming events with respect to background knowledge. ETALIS implements two languages for specification of event patterns: ETALIS Language for Events, and Event Processing SPARQL. 
</method> 
<results>
ETALIS has various applicabilities in capturing changes in semantic networks, broadcasting notifications to interested parties, and creating further changes (based on processing of the temporal, static, or slowly evolving knowledge).
</results>
</abstract> 
<pages>397-407</pages>
<year>2012</year>
<volume>3</volume>
<journal>Semantic Web</journal>
<number>4</number>
<ee>https://doi.org/10.3233/SW-2011-0053</ee>
<url>db/journals/semweb/semweb3.html#AnicicRFS12</url>
</article></dblp>
