<?xml version="1.0" encoding="US-ASCII"?>
<dblp>
<article key="journals/semweb/AroyoH10" mdate="2017-05-20">
<author>Lora Aroyo</author>
<author>Geert-Jan Houben</author>
<title>User modeling and adaptive Semantic Web.</title>
<abstract> 
<introduction>
Historically, personalization and adaptation have been important factors for the success of the Web and therefore they have been important topics in Web research. Many research efforts in the field of adaptive hypermedia and adaptive Web-based systems have resulted in solutions for user-adapted access to Web content, often in terms of systems that provide an adaptive hypermedia structure of content pages and hyperlinks. With pages and links that depend on the user, it is feasible to offer a high degree of personalization. Next to research into engineering and realizing adaptation, research into user modeling has been crucial for the success of adaptation. To apply the right adaptation it is necessary to know the user and her relevant properties and the research field of user modeling has focused on theories and techniques for eliciting knowledge about the user. Naturally, the research fields of adaptive Web-based systems and user modeling have always lived in close harmony. In order to create a similar success with personalization and adaptation in relation to the Semantic Web, adaptation and user modeling have to be redefined, with consequences for the research into these topics. In particular, the nature of user modeling changes significantly with the extended distribution and openness that we encounter on the Web of Data, with implications from problems studied in Web science. 
</introduction>
<method> 
Promising research shows how Semantic Web-based solutions can aid in the representation of user properties for sharing and linking of user models. 
</method> 
<discussion_conclusion>
In this vision paper we outline the evolution of user modeling and adaptation in connection to the Semantic Web and list research questions and challenges for the relevant research fields.
</discussion_conclusion>
</abstract>  
<pages>105-110</pages>
<year>2010</year>
<volume>1</volume>
<journal>Semantic Web</journal>
<number>1-2</number>
<ee>https://doi.org/10.3233/SW-2010-0006</ee>
<url>db/journals/semweb/semweb1.html#AroyoH10</url>
</article></dblp>
