<?xml version="1.0" encoding="US-ASCII"?>
<dblp>
<article key="journals/semweb/AttardOA18" mdate="2018-02-01">
<author>Judie Attard</author>
<author>Fabrizio Orlandi</author>
<author>S&#246;ren Auer</author>
<title>ExConQuer: Lowering barriers to RDF and Linked Data re-use.</title>
<abstract> 
<introduction>
A major obstacle to the wider use of semantic technology is the perceived complexity of RDF data by stakeholders who are not familiar with the Linked Data paradigm, or are otherwise unaware of a dataset�s underlying schema. 
</introduction>
<method> 
In order to help overcome this barrier, we propose the ExConQuer Framework (Explore, Convert, and Query Framework) as a set of tools that preserve the semantic richness of the data model while catering for simplified and workable views of the data. 
</method> 
<results>
Through the available tools users are able to explore and query linked open datasets without requiring any knowledge of SPARQL or the datasets� underlying schema. Moreover, executed queries are persisted so that they can be easily explored and re-used, and even edited. 
</results>
<discussion_conclusion>
Therefore, with this framework we attempt to target the evident niche in existing tools that are intended to be used by non-experts to consume Linked Data to its full potential.
</discussion_conclusion> 
</abstract> 
<pages>241-255</pages>
<year>2018</year>
<volume>9</volume>
<journal>Semantic Web</journal>
<number>2</number>
<ee>https://doi.org/10.3233/SW-170260</ee>
<url>db/journals/semweb/semweb9.html#AttardOA18</url>
</article>
</dblp>
