<?xml version="1.0" encoding="US-ASCII"?>
<dblp>
<article key="journals/semweb/AugensteinMC15" mdate="2017-05-20">
<author>Isabelle Augenstein</author>
<author>Diana Maynard</author>
<author>Fabio Ciravegna</author>
<title>Distantly supervised Web relation extraction for knowledge base population.</title>
<bstract>
<introduction>
Extracting information from Web pages for populating large, cross-domain knowledge bases requires methods which are suitable across domains, do not require manual effort to adapt to new domains, are able to deal with noise, and integrate information extracted from different Web pages. Recent approaches have used existing knowledge bases to learn to extract information with promising results, one of those approaches being distant supervision. Distant supervision is an unsupervised method which uses background information from the Linking Open Data cloud to automatically label sentences with relations to create training data for relation classifiers. 
</introduction>
<method> 
In this paper we propose the use of distant supervision for relation extraction from the Web. 
</method> 
<results>
Although the method is promising, existing approaches are still not suitable for Web extraction as they suffer from three main issues: data sparsity, noise and lexical ambiguity. Our approach reduces the impact of data sparsity by making entity recognition tools more robust across domains and extracting relations across sentence boundaries using unsupervised co-reference resolution methods. We reduce the noise caused by lexical ambiguity by employing statistical methods to strategically select training data. 
</results>
<discussion_conclusion>
To combine information extracted from multiple sources for populating knowledge bases we present and evaluate several information integration strategies and show that those benefit immensely from additional relation mentions extracted using co-reference resolution, increasing precision by 8%. We further show that strategically selecting training data can increase precision by a further 3%.
</discussion_conclusion>
</bstract>
<pages>335-349</pages>
<year>2016</year>
<volume>7</volume>
<journal>Semantic Web</journal>
<number>4</number>
<ee>https://doi.org/10.3233/SW-150180</ee>
<url>db/journals/semweb/semweb7.html#AugensteinMC15</url>
</article></dblp>
