<?xml version="1.0" encoding="US-ASCII"?>
<dblp>
<article key="journals/semweb/BaiererD0GIMR17" mdate="2017-06-14">
<author orcid="0000-0003-2397-242X">Konstantin Baierer</author>
<author>Evelyn Dr&#246;ge</author>
<author>Kai Eckert 0001</author>
<author>Doron Goldfarb</author>
<author>Julia Iwanowa</author>
<author>Christian Morbidoni</author>
<author>Dominique Ritze</author>
<title>DM2E: A Linked Data source of Digitised Manuscripts for the Digital Humanities.</title>
<abstract>
<introduction>
 The DM2E dataset is a five-star dataset providing metadata and links for direct access to digitized content from various cultural heritage institutions across Europe. The data model is a true specialization of the Europeana Data Model and reflects specific requirements from the domain of manuscripts and old prints, as well as from developers who want to create applications on top of the data. 
</introduction>
<method>
One such application is a scholarly research platform for the Digital Humanities that was created as part of the DM2E project and can be seen as a reference implementation. 
</method> 
<results>
The Linked Data API was developed with versioning and provenance from the beginning, leading to new theoretical and practical insights.
</results>
</abstract>
<pages>733-745</pages>
<year>2017</year>
<volume>8</volume>
<journal>Semantic Web</journal>
<number>5</number>
<ee>https://doi.org/10.3233/SW-160234</ee>
<url>db/journals/semweb/semweb8.html#BaiererD0GIMR17</url>
</article></dblp>
