<?xml version="1.0" encoding="US-ASCII"?>
<dblp>
<article key="journals/semweb/BalduiniCDVHLKT14" mdate="2017-06-08">
<author>Marco Balduini</author>
<author>Irene Celino</author>
<author orcid="0000-0003-4904-2511">Daniele Dell'Aglio</author>
<author>Emanuele Della Valle</author>
<author>Yi Huang</author>
<author>Tony Kyung-il Lee</author>
<author>Seon-Ho Kim</author>
<author>Volker Tresp</author>
<title>Reality mining on micropost streams - Deductive and inductive reasoning for personalized and location-based recommendations.</title>
<abstract> 
<introduction>
The rapid growth of personal opinions published in form of microposts, such as those found on Twitter, is the basis of novel emerging social and commercial services. In this paper, we describe BOTTARI, an augmented reality application that permits the personalized and localized recommendation of points of interest (POIs) based on the temporally-weighted opinions of the community. The technological basis of BOTTARI is the highly scalable LarKC platform for the rapid prototyping and development of Semantic Web applications. In particular, BOTTARI exploits LarKC's deductive and inductive stream reasoning. 
</introduction>
<method> 
We present an evaluation of BOTTARI based on a three year collection of tweets about 319 restaurants located in the 2 km2 district of Insadong, a popular tourist area of the South Korean city of Seoul. 
</method> 
<results>
BOTTARI is the winner of the 9th edition of the Semantic Web Challenge, co-located with the 2011 International Semantic Web Conference. 
</results>
<discussion_conclusion>
BOTTARI is currently field tested in Korea by Saltlux.
</discussion_conclusion>
</abstract> 
<pages>341-356</pages>
<year>2014</year>
<volume>5</volume>
<journal>Semantic Web</journal>
<number>5</number>
<ee>https://doi.org/10.3233/SW-130107</ee>
<url>db/journals/semweb/semweb5.html#BalduiniCDVHLKT14</url>
</article></dblp>
