<?xml version="1.0" encoding="US-ASCII"?>
<dblp>
<article key="journals/semweb/BaskaufW15" mdate="2017-06-14">
<author orcid="0000-0003-4365-3135">Steven J. Baskauf</author>
<author>Campbell O. Webb</author>
<title>Darwin-SW: Darwin Core-based terms for expressing biodiversity data as RDF.</title>
<abstract> 
<introduction>
Darwin-SW (DSW) is an RDF vocabulary designed to complement the Biodiversity Information Standards (TDWG) Darwin Core Standard. DSW is based on a model derived from a community discussion about the relationships among the main Darwin Core classes. DSW creates a new class to accommodate an important aspect of its model that is not currently part of Darwin Core: a class of Tokens, which are forms of evidence. 
</introduction>
<method> 
DSW uses Web Ontology Language (OWL) to make assertions about the classes in its model and to define object properties that are used to link instances of those classes. 
</method> 
<results>
A goal in the creation of DSW was to facilitate consistent markup of biodiversity data so that RDF graphs created by different providers could be easily merged. Accordingly, DSW provides a mechanism for testing whether its terms are being used in a manner consistent with its model. Two transitive object properties enable the creation of simple SPARQL queries that can be used to discover new information about linked resources whose metadata are generated by different providers. The Organism class enables semantic linking of biodiversity resources to vocabularies outside of TDWG that deal with observations and ecological phenomena. 
</results>
</abstract> 
<pages>629-643</pages>
<year>2016</year>
<volume>7</volume>
<journal>Semantic Web</journal>
<number>6</number>
<ee>https://doi.org/10.3233/SW-150203</ee>
<url>db/journals/semweb/semweb7.html#BaskaufW15</url>
</article></dblp>
