<?xml version="1.0" encoding="US-ASCII"?>
<dblp>
<article key="journals/semweb/BaskaufWDW15" mdate="2017-06-14">
<author orcid="0000-0003-4365-3135">Steven J. Baskauf</author>
<author>John Wieczorek</author>
<author>John Deck</author>
<author>Campbell O. Webb</author>
<title>Lessons learned from adapting the Darwin Core vocabulary standard for use in RDF.</title>
<abstract> 
<introduction>
The Darwin Core vocabulary is widely used to transmit biodiversity data in the form of simple text files. In order to support expression of biodiversity data in the Resource Description Framework (RDF), a guide was created as a non-normative addition to the Darwin Core standard. 
</introduction>
<method> 
This paper describes the major issues that were addressed in the creation of the guide, particularly problems related to adapting terms designed to have literal values for use with IRI references. 
</method> 
<results>
By making it possible to express millions of existing records as RDF, the guide is an important step towards enabling the biodiversity informatics community to participate in broader Linked Data and Semantic Web efforts. 
</results>
</abstract> 
<pages>617-627</pages>
<year>2016</year>
<volume>7</volume>
<journal>Semantic Web</journal>
<number>6</number>
<ee>https://doi.org/10.3233/SW-150199</ee>
<url>db/journals/semweb/semweb7.html#BaskaufWDW15</url>
</article></dblp>
