<?xml version="1.0" encoding="US-ASCII"?>
<dblp>
<article key="journals/semweb/BattleK12" mdate="2017-05-20">
<author>Robert Battle</author>
<author>Dave Kolas</author>
<title>Enabling the geospatial Semantic Web with Parliament and GeoSPARQL.</title>
<abstract> 
<introduction>
As the amount of Linked Open Data on the web increases, so does the amount of data with an inherent spatial context. Without spatial reasoning, however, the value of this spatial context is limited. Over the past decade there have been several vocabularies and query languages that attempt to exploit this knowledge and enable spatial reasoning. These attempts provide varying levels of support for fundamental geospatial concepts. GeoSPARQL, a forthcoming OGC standard, attempts to unify data access for the geospatial Semantic Web. As authors of the Parliament triple store and contributors to the GeoSPARQL specification, we are particularly interested in the issues of geospatial data access and indexing. 
</introduction>
<method>
In this paper, we look at the overall state of geospatial data in the Semantic Web, with a focus on GeoSPARQL. We first describe the motivation for GeoSPARQL, then the current state of the art in industry and research, followed by an example use case, and finally our implementation of GeoSPARQL in the Parliament triple store.
</method>  
</abstract> 
<pages>355-370</pages>
<year>2012</year>
<volume>3</volume>
<journal>Semantic Web</journal>
<number>4</number>
<ee>https://doi.org/10.3233/SW-2012-0065</ee>
<url>db/journals/semweb/semweb3.html#BattleK12</url>
</article></dblp>
