<?xml version="1.0" encoding="US-ASCII"?>
<dblp>
<article key="journals/semweb/BeekIDSW18" mdate="2017-12-13">
<author>Wouter Beek</author>
<author>Filip Ilievski</author>
<author>Jeremy Debattista</author>
<author>Stefan Schlobach</author>
<author>Jan Wielemaker</author>
<title>Literally better: Analyzing and improving the quality of literals.</title>
<abstract> 
<introduction>
Quality is a complicated and multifarious topic in contemporary Linked Data research. The aspect of literal quality in particular has not yet been rigorously studied. Nevertheless, analyzing and improving the quality of literals is important since literals form a substantial (one in seven statements) and crucial part of the Semantic Web. Specifically, literals allow infinite value spaces to be expressed and they provide the linguistic entry point to the LOD Cloud. 
</introduction>
<method> 
We present a toolchain that builds on the LOD Laundromat data cleaning and republishing infrastructure and that allows us to analyze the quality of literals on a very large scale, using a collection of quality criteria we specify in a systematic way. 
</method> 
<results>
We illustrate the viability of our approach by lifting out two particular aspects in which the current LOD Cloud can be immediately improved by automated means: value canonization and language tagging. 
</results>
<discussion_conclusion>
Since not all quality aspects can be addressed algorithmically, we also give an overview of other problems that can be used to guide future endeavors in tooling, training, and best practice formulation.
</discussion_conclusion>
</abstract>  
<pages>131-150</pages>
<year>2018</year>
<volume>9</volume>
<journal>Semantic Web</journal>
<number>1</number>
<ee>https://doi.org/10.3233/SW-170288</ee>
<url>db/journals/semweb/semweb9.html#BeekIDSW18</url>
</article>
</dblp>
