<?xml version="1.0" encoding="US-ASCII"?>
<dblp>
<article key="journals/semweb/BishopKOPTV11" mdate="2017-05-20">
<author>Barry Bishop</author>
<author>Atanas Kiryakov</author>
<author>Damyan Ognyanoff</author>
<author>Ivan Peikov</author>
<author>Zdravko Tashev</author>
<author>Ruslan Velkov</author>
<title>OWLIM: A family of scalable semantic repositories.</title>
<abstract> 
<introduction>
An explosion in the use of RDF for representing information about resources has driven the requirements for Web-scale server systems that can store and process huge quantities of data, and furthermore provide powerful data access and mining functionalities. 
</introduction>
<method> 
This paper describes OWLIM, a family of semantic repositories that provide storage, inference and novel data-access features delivered in a scalable, resilient, industrial-strength platform. 
</method> 
</abstract> 
<pages>33-42</pages>
<year>2011</year>
<volume>2</volume>
<journal>Semantic Web</journal>
<number>1</number>
<ee>https://doi.org/10.3233/SW-2011-0026</ee>
<url>db/journals/semweb/semweb2.html#BishopKOPTV11</url>
</article></dblp>
