<?xml version="1.0" encoding="US-ASCII"?>
<dblp>
<article key="journals/semweb/BlondeAMSKB14" mdate="2017-06-14">
<author>Ward Blond&#233;</author>
<author orcid="0000-0002-2497-8236">Erick Antezana</author>
<author>Vladimir Mironov</author>
<author>Stefan Schulz</author>
<author orcid="0000-0002-1171-9876">Martin Kuiper</author>
<author orcid="0000-0002-3876-620X">Bernard De Baets</author>
<title>Using the relation ontology Metarel for modelling Linked Data as multi-digraphs.</title>
<abstract> 
<introduction>
The Semantic Web standards OWL and RDF are often used to represent biomedical information as Linked Data; however, the OWL/RDF syntax, which combines both, was never optimised for querying. 
</introduction>
<method>
By combining two formal paradigms for modelling Linked Data, namely multi-digraphs and Description Logic, many precise terms for relations have emerged that are defined in the Metarel relation ontology. They are especially useful in Linked Data and RDF knowledge bases that 1) rely on SPARQL querying and 2) require semantic support for chains of relations. Metarel-described multi-digraphs were used for knowledge integration and reasoning in three RDF knowledge bases in the domain of genome biology: BioGateway, Cell Cycle Ontology and Gene Expression Knowledge Base. These knowledge bases integrate both data, like KEGG, and ontologies, like Gene Ontology, in the same RDF graphs. 
</method> 
<results>
Their libraries with biomedically relevant SPARQL queries show the practical benefits of this semantic paradigm. In addition to the management of RDF stores, this paper describes how Metarel can be used for remodelling Linked Data as SPARQL-friendly and semantically rich multi-digraphs. Metarel can be downloaded from http://www.semantic-systems-biology.org/metarel. 
</results>
</abstract> 
<pages>115-126</pages>
<year>2014</year>
<volume>5</volume>
<journal>Semantic Web</journal>
<number>2</number>
<ee>https://doi.org/10.3233/SW-130096</ee>
<url>db/journals/semweb/semweb5.html#BlondeAMSKB14</url>
</article></dblp>
