<?xml version="1.0" encoding="US-ASCII"?>
<dblp>
<article key="journals/semweb/BoerGBTAA15" mdate="2017-05-20">
<author>Victor de Boer</author>
<author>Nana Baah Gyan</author>
<author>Anna Bon</author>
<author>Wendelien Tuyp</author>
<author>Chris van Aart</author>
<author>Hans Akkermans</author>
<title>A dialogue with linked data: Voice-based access to market data in the Sahel.</title>
<abstract> 
<introduction>
The Linked Data movement has facilitated efficient data sharing in many domains. However, people in rural developing areas are mostly left out. Lack of relevant content and suitable interfaces prohibit potential users in rural communities to produce and consume Linked Data. In this paper, we present a case study exposing locally produced market data as Linked Data, which shows that Linked Data can be meaningful in a rural, development context. 
</introduction>
<method> 
We present a way of enriching the market data with voice labels, allowing for the development of applications that (re-)use the data in voice-based applications. 
</method> 
<results>
Finally, we present a prototype demonstrator that provides access to this linked market data through a voice interface, accessible to first generation mobile phones.
</results>
</abstract>  
<pages>23-33</pages>
<year>2015</year>
<volume>6</volume>
<journal>Semantic Web</journal>
<number>1</number>
<ee>https://doi.org/10.3233/SW-130132</ee>
<url>db/journals/semweb/semweb6.html#BoerGBTAA15</url>
</article></dblp>
