<?xml version="1.0" encoding="US-ASCII"?>
<dblp>
<article key="journals/semweb/BoerWGOHIOS13" mdate="2017-06-14">
<author>Victor de Boer</author>
<author orcid="0000-0001-5574-5673">Jan Wielemaker</author>
<author>Judith van Gent</author>
<author>Marijke Oosterbroek</author>
<author>Michiel Hildebrand</author>
<author>Antoine Isaac</author>
<author orcid="0000-0002-7748-4715">Jacco van Ossenbruggen</author>
<author>Guus Schreiber</author>
<title>Amsterdam Museum Linked Open Data.</title>
<abstract>
<introduction>
In this document we describe the Amsterdam Museum Linked Open Data set. 
</introduction>
<method> 
The dataset is a five-star Linked Data representation and comprises the entire collection of the Amsterdam Museum consisting of more than 70,000 object descriptions. Furthermore, the institution's thesaurus and person authority files used in the object metadata are included in the Linked Data set. 
</method> 
<results>
The data is mapped to the Europeana Data Model, utilizing Dublin Core, SKOS, RDA-group2 elements and the OAI-ORE model to represent the museum data. Vocabulary concepts are mapped to GeoNames and DBpedia. 
</results>
<discussion_conclusion>
The two main contributions of this dataset are the inclusion of internal vocabularies and the fact that the complexity of the original dataset is retained.
</discussion_conclusion>
</abstract>
<pages>237-243</pages>
<year>2013</year>
<volume>4</volume>
<journal>Semantic Web</journal>
<number>3</number>
<ee>https://doi.org/10.3233/SW-2012-0074</ee>
<url>db/journals/semweb/semweb4.html#BoerWGOHIOS13</url>
</article></dblp>
