<?xml version="1.0" encoding="US-ASCII"?>
<dblp>
<article key="journals/semweb/BontchevaR14" mdate="2017-05-20">
<author>Kalina Bontcheva</author>
<author>Dominic Paul Rout</author>
<title>Making sense of social media streams through semantics: A survey.</title>
<abstract> 
<introduction>
Using semantic technologies for mining and intelligent information access to social media is a challenging, emerging research area. Traditional search methods are no longer able to address the more complex information seeking behaviour in media streams, which has evolved towards sense making, learning, investigation, and social search. Unlike carefully authored news text and longer web context, social media streams pose a number of new challenges, due to their large-scale, short, noisy, context-dependent, and dynamic nature. 
</introduction>
<method> 
This paper defines five key research questions in this new application area, examined through a survey of state-of-the-art approaches for mining semantics from social media streams; user, network, and behaviour modelling; and intelligent, semantic-based information access. The survey includes key methods not just from the Semantic Web research field, but also from the related areas of natural language processing and user modelling. 
</method> 
<discussion_conclusion>
In conclusion, key outstanding challenges are discussed and new directions for research are proposed. 
</discussion_conclusion>
</abstract> 
<pages>373-403</pages>
<year>2014</year>
<volume>5</volume>
<journal>Semantic Web</journal>
<number>5</number>
<ee>https://doi.org/10.3233/SW-130110</ee>
<url>db/journals/semweb/semweb5.html#BontchevaR14</url>
</article></dblp>
