<?xml version="1.0" encoding="US-ASCII"?>
<dblp>
<article key="journals/semweb/Bouayad-AghaCW14" mdate="2017-05-20">
<author>Nadjet Bouayad-Agha</author>
<author>Gerard Casamayor</author>
<author>Leo Wanner</author>
<title>Natural Language Generation in the context of the Semantic Web.</title>
<abstract> 
<introduction>
Natural Language Generation (NLG) is concerned with transforming given content input into a natural language output, given some communicative goal. Although this input can take various forms and representations, it is the semantic/conceptual representations that have always been considered as the �natural� starting ground for NLG. Therefore, it is natural that the Semantic Web (SW), with its machine-processable representation of information with explicitly defined semantics, has attracted the interest of NLG practitioners from early on. 
</introduction>
<method> 
We attempt to provide an overview of the main paradigms of NLG from SW data, emphasizing how the Semantic Web provides opportunities for the NLG community to improve their state-of-the-art approaches whilst bringing about challenges that need to be addressed before we can speak of a real symbiosis between NLG and the Semantic Web.
</method> 
</abstract>  
<pages>493-513</pages>
<year>2014</year>
<volume>5</volume>
<journal>Semantic Web</journal>
<number>6</number>
<ee>https://doi.org/10.3233/SW-130125</ee>
<url>db/journals/semweb/semweb5.html#Bouayad-AghaCW14</url>
</article></dblp>
