<?xml version="1.0" encoding="US-ASCII"?>
<dblp>
<article key="journals/semweb/BrasoveanuSSHF17" mdate="2017-06-14">
<author>Adrian M. P. Brasoveanu</author>
<author>Marta Sabou</author>
<author orcid="0000-0001-5346-9521">Arno Scharl</author>
<author>Alexander Hubmann-Haidvogel</author>
<author>Daniel Fischl</author>
<title>Visualizing statistical linked knowledge for decision support.</title>
<abstract>
<introduction> 
In a global and interconnected economy, decision makers often need to consider information from various domains. A tourism destination manager, for example, has to correlate tourist behavior with financial and environmental indicators to allocate funds for strategic long-term investments. Statistical data underpins a broad range of such cross-domain decision tasks. A variety of statistical datasets are available as Linked Open Data, often incorporated into visual analytics solutions to support decision making. What are the principles, architectures, workflows and implementation design patterns that should be followed for building such visual cross-domain decision support systems. 
</introduction>
<method> 
This article introduces a methodology to integrate and visualize cross-domain statistical data sources by applying selected RDF Data Cube (QB) principles. 
</method> 
<results>
A visual dashboard built according to this methodology is presented and evaluated in the context of two use cases in the tourism and telecommunications domains.
</results>
</abstract>  
<pages>113-137</pages>
<year>2017</year>
<volume>8</volume>
<journal>Semantic Web</journal>
<number>1</number>
<ee>https://doi.org/10.3233/SW-160225</ee>
<url>db/journals/semweb/semweb8.html#BrasoveanuSSHF17</url>
</article></dblp>
