<?xml version="1.0" encoding="US-ASCII"?>
<dblp>
<article key="journals/semweb/BrodaricG10" mdate="2017-05-20">
<author>Boyan Brodaric</author>
<author>Mark Gahegan</author>
<title>Ontology use for semantic e-Science.</title>
<abstract> 
<introduction>
Ontologies are being widely used in online science activities, or e-Science, most notably in roles related to managing and integrating data resources and workflows. We suggest this use has focused on enabling e-Science infrastructures to operate more efficiently, but has had less emphasis on scientific knowledge innovation. 
</introduction>
<method> 
A greater focus on online innovation can be achieved through more explicit representation of scientific artifacts such as theories and models, and more online tools to enable scientists to directly generate and test such representations. 
</method> 
<discussion_conclusion>
This should lead to routine use of ontologies by scientists, and foster new and potentially different scientific results to help usher in next generation e-Science.
</discussion_conclusion>
</abstract>  
<pages>149-153</pages>
<year>2010</year>
<volume>1</volume>
<journal>Semantic Web</journal>
<number>1-2</number>
<ee>https://doi.org/10.3233/SW-2010-0021</ee>
<url>db/journals/semweb/semweb1.html#BrodaricG10</url>
</article></dblp>
