<?xml version="1.0" encoding="US-ASCII"?>
<dblp>
<article key="journals/semweb/BuccioNS13" mdate="2017-06-08">
<author>Emanuele Di Buccio</author>
<author orcid="0000-0001-9709-6392">Giorgio Maria Di Nunzio</author>
<author orcid="0000-0003-4970-4554">Gianmaria Silvello</author>
<title>A curated and evolving linguistic linked dataset.</title>
<abstract> 
<introduction>
This paper describes the Atlante Sintattico d'Italia, Syntactic Atlas of Italy (ASIt) linguistic linked dataset. ASIt is a scientific project aiming to account for minimally different variants within a sample of closely related languages; it is part of the Edisyn network, the goal of which is to establish a European network of researchers in the area of language syntax that use similar standards with respect to methodology of data collection, data storage and annotation, data retrieval and cartography. 
</introduction>
<method> 
In this context, ASIt is defined as a curated database which builds on dialectal data gathered during a twenty-year-long survey investigating the distribution of several grammatical phenomena across the dialects of Italy. 
</method> 
<results>
Both the ASIt linguistic linked dataset and the Resource Description Framework Schema (RDF/S) on which it is based are publicly available and released with a Creative Commons license (CC BY-NC-SA 3.0). We report the characteristics of the data exposed by ASIt, the statistics about the evolution of the data in the last two years, and the possible usages of the dataset, such as the generation of linguistic maps. 
</results>
</abstract> 
<pages>265-270</pages>
<year>2013</year>
<volume>4</volume>
<journal>Semantic Web</journal>
<number>3</number>
<ee>https://doi.org/10.3233/SW-2012-0083</ee>
<url>db/journals/semweb/semweb4.html#BuccioNS13</url>
</article></dblp>
