<?xml version="1.0" encoding="US-ASCII"?>
<dblp>
<article key="journals/semweb/BundySC15" mdate="2017-05-20">
<author>Alan Bundy</author>
<author>Gintautas Sasnauskas</author>
<author>Michael Chan</author>
<title>Solving guesstimation problems using the Semantic Web: Four lessons from an application.</title>
<abstract> 
<introduction>
We draw on our experience of implementing a semi-automated guesstimation application of the Semantic Web, , to draw four lessons, which we claim are of general applicability. These are: 1. Inference can unleash the Semantic Web: The full power of the web will only be realised when we can use it to infer new knowledge from old. 2. The Semantic Web does not constrain the inference mechanisms: Since we must anyway curate the knowledge we extract from the web, we can take the opportunity to translate it into what ever representational formalism is most appropriate for our application. This also enables the use of whatever inference mechanism is most appropriate. 3. Curation must be dynamic: Static curation is not only infeasible due to the size and growth rate of the Semantic Web, but curation must be application-specific. 4. Own up to uncertainty: Since the Semantic Web is, by design, uncontrolled, the accuracy of knowledge extracted from it cannot be guaranteed. The resulting uncertainty must not be hidden from the user, but must be made manifest.
</introduction>
</abstract>  
<pages>197-210</pages>
<year>2015</year>
<volume>6</volume>
<journal>Semantic Web</journal>
<number>2</number>
<ee>https://doi.org/10.3233/SW-130127</ee>
<url>db/journals/semweb/semweb6.html#BundySC15</url>
</article></dblp>
