<?xml version="1.0" encoding="US-ASCII"?>
<dblp>
<article key="journals/semweb/ButtHX15" mdate="2017-09-15">
<author>Anila Sahar Butt</author>
<author orcid="0000-0003-3425-0780">Armin Haller</author>
<author>Lexing Xie</author>
<title>DWRank: Learning concept ranking for ontology search.</title>
<abstract>
<introduction> 
With the recent growth of Linked Data on the Web there is an increased need for knowledge engineers to find ontologies to describe their data. Only limited work exists that addresses the problem of searching and ranking ontologies based on a given query term. 
</introduction>
<method> 
In this paper we introduce DWRank, a two-staged bi-directional graph walk ranking algorithm for concepts in ontologies. DWRank characterises two features of a concept in an ontology to determine its rank in a corpus, the centrality of the concept to the ontology within which it is defined (HubScore) and the authoritativeness of the ontology in which it is defined (AuthorityScore). DWRank then uses a Learning to Rank approach to learn the feature weights for the two aforementioned ranking strategies. 
</method> 
<results>
We compare DWRank with state-of-the-art ontology ranking models and traditional information retrieval algorithms. This evaluation shows that DWRank significantly outperforms the best ranking models on a benchmark ontology collection for the majority of the sample queries defined in the benchmark. In addition, we compare the effectiveness of the HubScore part of our algorithm with the state-of-the-art ranking model to determine a concept centrality and show the improved performance of DWRank in this aspect. Finally, we evaluate the effectiveness of the design decisions made for the AuthorityScore method in DWRank to find missing inter-ontology links and present a graph-based analysis of the ontology corpus that shows the increased connectivity of the ontology corpus after extraction of the implicit inter-ontology links.
</results>
</abstract>  
<pages>447-461</pages>
<year>2016</year>
<volume>7</volume>
<journal>Semantic Web</journal>
<number>4</number>
<ee>https://doi.org/10.3233/SW-150185</ee>
<url>db/journals/semweb/semweb7.html#ButtHX15</url>
</article></dblp>
