<?xml version="1.0" encoding="US-ASCII"?>
<dblp>
<article key="journals/semweb/CalvaneseCKKLRR17" mdate="2017-05-20">
<author>Diego Calvanese</author>
<author>Benjamin Cogrel</author>
<author>Sarah Komla-Ebri</author>
<author>Roman Kontchakov</author>
<author>Davide Lanti</author>
<author>Martin Rezk</author>
<author>Mariano Rodriguez-Muro</author>
<author>Guohui Xiao</author>
<title>Ontop: Answering SPARQL queries over relational databases.</title>
<abstract> 
<method> 
We present Ontop, an open-source Ontology-Based Data Access (OBDA) system that allows for querying relational data sources through a conceptual representation of the domain of interest, provided in terms of an ontology, to which the data sources are mapped. 
</method> 
<results>
Key features of Ontop are its solid theoretical foundations, a virtual approach to OBDA, which avoids materializing triples and is implemented through the query rewriting technique, extensive optimizations exploiting all elements of the OBDA architecture, its compliance to all relevant W3C recommendations (including SPARQL queries, R2RML mappings, and OWL?2?QL and RDFS ontologies), and its support for all major relational databases.
</results>
</abstract>  
<pages>471-487</pages>
<year>2017</year>
<volume>8</volume>
<journal>Semantic Web</journal>
<number>3</number>
<ee>https://doi.org/10.3233/SW-160217</ee>
<url>db/journals/semweb/semweb8.html#CalvaneseCKKLRR17</url>
</article></dblp>
