<?xml version="1.0" encoding="US-ASCII"?>
<dblp>
<article key="journals/semweb/CapadisliAN15" mdate="2017-05-20">
<author>Sarven Capadisli</author>
<author>S&#246;ren Auer</author>
<author>Axel-Cyrille Ngonga Ngomo</author>
<title>Linked SDMX Data: Path to high fidelity Statistical Linked Data.</title>
<abstract> 
<introduction>
As statistical data is inherently highly structured and comes with rich metadata (in form of code lists, data cubes etc.), it would be a missed opportunity to not tap into it from the Linked Data angle. At the time of this writing, there exists no simple way to transform statistical data into Linked Data since the raw data comes in different shapes and forms. Given that SDMX (Statistical Data and Metadata eXchange) is arguably the most widely used standard for statistical data exchange, a great amount of statistical data about our societies is yet to be discoverable and identifiable in a uniform way. 
</introduction>
<method> 
In this article, we present the design and implementation of SDMX-ML to RDF/XML XSL transformations, as well as the publication of OECD, BFS, FAO, ECB, and IMF datasets with that tooling.
</method> 
</abstract> 
<pages>105-112</pages>
<year>2015</year>
<volume>6</volume>
<journal>Semantic Web</journal>
<number>2</number>
<ee>https://doi.org/10.3233/SW-130123</ee>
<url>db/journals/semweb/semweb6.html#CapadisliAN15</url>
</article></dblp>
