<?xml version="1.0" encoding="US-ASCII"?>
<dblp>
<article key="journals/semweb/CaraccioloSMJRJK13" mdate="2017-06-14">
<author>Caterina Caracciolo</author>
<author orcid="0000-0001-5374-2807">Armando Stellato</author>
<author>Ahsan Morshed</author>
<author>Gudrun Johannsen</author>
<author>Sachit Rajbhandari</author>
<author>Yves Jaques</author>
<author>Johannes Keizer</author>
<title>The AGROVOC Linked Dataset.</title>
<abstract>
<introduction>
 Born in the early 1980's as a multilingual agricultural thesaurus, AGROVOC has steadily evolved over the last fifteen years, moving to an electronic version around the year 2000, and embracing the Semantic Web shortly thereafter. Today AGROVOC is a SKOS-XL concept scheme published as Linked Open Data, containing links (as well as backlinks) and references to many other Linked Datasets in the LOD cloud. 
</introduction>
<method>
In this paper we provide a brief historical summary of AGROVOC and detail its specification as a Linked Dataset. 
</method> 
</abstract>
<pages>341-348</pages>
<year>2013</year>
<volume>4</volume>
<journal>Semantic Web</journal>
<number>3</number>
<ee>https://doi.org/10.3233/SW-130106</ee>
<url>db/journals/semweb/semweb4.html#CaraccioloSMJRJK13</url>
</article></dblp>
