<?xml version="1.0" encoding="US-ASCII"?>
<dblp>
<article key="journals/semweb/CeciG14" mdate="2017-05-20">
<author>Marcello Ceci</author>
<author>Aldo Gangemi</author>
<title>An OWL ontology library representing judicial interpretations.</title>
<abstract>
<introduction>
 The article introduces JudO, an OWL2 ontology library of legal knowledge that relies on the metadata contained in judicial documents. 
</introduction>
<method> 
JudO represents the interpretations performed by a judge while conducting legal reasoning towards the adjudication of a case. 
To the aim of this application, judicial interpretation is intended in the restricted sense of the acts of judicial subsumption performed by the judge when he considers a material instance (token in Searle�s terminology), and assigns it to an abstract category (type). The ontology library is based on a theoretical model and on some specific patterns that exploit some new features introduced by OWL2. 
</method> 
<results>
JudO provides meaningful legal semantics, while retaining a strong connection to source documents (fragments of legal texts). 
</results>
<discussion_conclusion>
The application task is to enable detection and modeling of jurisprudence-related information directly from the text, and to perform shallow reasoning on the resulting knowledge base. The ontology library is also supposed to support a defeasible rule set for legal argumentation on the groundings of judicial decisions. 
</discussion_conclusion>
</abstract>
<pages>229-253</pages>
<year>2016</year>
<volume>7</volume>
<journal>Semantic Web</journal>
<number>3</number>
<ee>https://doi.org/10.3233/SW-140146</ee>
<url>db/journals/semweb/semweb7.html#CeciG14</url>
</article></dblp>
