<?xml version="1.0" encoding="US-ASCII"?>
<dblp>
<article key="journals/semweb/Celino15" mdate="2017-05-20">
<author>Irene Celino</author>
<title>Geospatial dataset curation through a location-based game: Description of the Urbanopoly linked datasets.</title>
<abstract>
<introduction> 
The Urbanopoly datasets contain the results of a data curation campaign on available geospatial open datasets like OpenStreetMap. The curation effort is conducted through a location-based Game with a Purpose inspired by the monopoly board game. 
</introduction>
<method> 
The paper describes the generated datasets: we illustrate the genesis and life-cycle of Urbanopoly data; we explain the modelling choices by introducing the provenance-based Human Computation ontology and by giving examples of the datasets' content; we describe the datasets' publication on the Web as Linked Data and the cross-links to the curated datasets; 
finally, we indicate the envisioned uses of the datasets as well as their possible re-uses. 
</method> 
</abstract> 
<pages>121-130</pages>
<year>2015</year>
<volume>6</volume>
<journal>Semantic Web</journal>
<number>2</number>
<ee>https://doi.org/10.3233/SW-130129</ee>
<url>db/journals/semweb/semweb6.html#Celino15</url>
</article></dblp>
