<?xml version="1.0" encoding="US-ASCII"?>
<dblp>
<article key="journals/semweb/Chawuthai0WJ15" mdate="2017-09-15">
<author>Rathachai Chawuthai</author>
<author orcid="0000-0002-2909-7163">Hideaki Takeda 0001</author>
<author>Vilas Wuwongse</author>
<author>Utsugi Jinbo</author>
<title>Presenting and preserving the change in taxonomic knowledge for linked data.</title>
<abstract>
<introduction>
Taxonomic knowledge provides a scientific name to each organismal group and is thus indispensable information for understanding biodiversity. However, the various perspectives of classifying organisms and changes in taxonomic knowledge have led to inconsistent classification information among different databases and repositories. To have a precise understanding of taxonomy, one needs to integrate relevant data across taxonomic databases. This is difficult to establish due to the ambiguity in taxon interpretation. Most researchers in earlier stages employed the Linked Open Data (LOD) technique to establish links in taxonomy transition. However, they overlooked the temporal representation of taxa and underlying knowledge of the change in taxonomy, so it is difficult for learners to gain perspective on how some identifiers of taxa are linked. 
</introduction>
<method> 
To this end, this research is aimed at developing a model for presenting and preserving the change in taxonomic knowledge in the Resource Description Framework (RDF). Specifically, the proposed model takes advantage of linking Internet resources representing taxa, presenting historical information of taxa, and preserving the background knowledge of the change in taxonomic knowledge in order to enable a better understanding of organisms. We implement a prototype to demonstrate the feasibility and the performance of our approach. 
</method> 
<results>
The results show that the proposed model is able to handle various practical cases of changes in taxonomic works and provides open and accurate access to linked data for biodiversity.
</results>
</abstract>
<pages>589-616</pages>
<year>2016</year>
<volume>7</volume>
<journal>Semantic Web</journal>
<number>6</number>
<ee>https://doi.org/10.3233/SW-150192</ee>
<url>db/journals/semweb/semweb7.html#Chawuthai0WJ15</url>
</article></dblp>
