<?xml version="1.0" encoding="US-ASCII"?>
<dblp>
<article key="journals/semweb/ChiarcosS15" mdate="2017-05-20">
<author>Christian Chiarcos</author>
<author>Maria Sukhareva</author>
<title>OLiA - Ontologies of Linguistic Annotation.</title>
<abstract>
<introduction>
 This paper describes the Ontologies of Linguistic Annotation (OLiA) as one of the data sets currently available as part of Linguistic Linked Open Data (LLOD) cloud. 
</introduction>
<discussion_conclusion>
Within the LLOD cloud, the OLiA ontologies serve as a reference hub for annotation terminology for linguistic phenomena on a great band-width of languages, they have been used to facilitate interoperability and information integration of linguistic annotations in corpora, NLP pipelines, and lexical-semantic resources and mediate their linking with multiple community-maintained terminology 
repositories.
</discussion_conclusion>
</abstract>
<pages>379-386</pages>
<year>2015</year>
<volume>6</volume>
<journal>Semantic Web</journal>
<number>4</number>
<ee>https://doi.org/10.3233/SW-140167</ee>
<url>db/journals/semweb/semweb6.html#ChiarcosS15</url>
</article></dblp>
