<?xml version="1.0" encoding="US-ASCII"?>
<dblp>
<article key="journals/semweb/ChichesterKGLMB15" mdate="2017-06-08">
<author>Christine Chichester</author>
<author>Oliver Karch</author>
<author>Pascale Gaudet</author>
<author orcid="0000-0002-9818-3030">Lydie Lane</author>
<author orcid="0000-0003-3934-0072">Barend Mons</author>
<author orcid="0000-0003-2826-6444">Amos Bairoch</author>
<title>Converting neXtProt into Linked Data and nanopublications.</title>
<abstract> 
<introduction>
neXtProt provides a comprehensive knowledgebase on human proteins complemented by an extensive cross incorporation of annotations from many databases. With the diversity of published data, provenance information becomes critical to providing reliable and trustworthy services to scientists, thus the tracking of provenance in open, decentralized systems is especially important. 
</introduction>
<method> 
Since the nanopublication system addresses many of these challenges, we have developed the neXtProt Linked Data by serializing in RDF/XML annotations specific to neXtProt and started employing the nanopublication model to give appropriate attribution to all data. 
</method>
<discussion_conclusion>
Specifically, a use case demonstrates the handling of post-translational modification (PTM) data modeled as nanopublications to illustrate how the different levels of provenance and data quality thresholds can be captured in this model.
</discussion_conclusion> 
</abstract> 
<pages>147-153</pages>
<year>2015</year>
<volume>6</volume>
<journal>Semantic Web</journal>
<number>2</number>
<ee>https://doi.org/10.3233/SW-140149</ee>
<url>db/journals/semweb/semweb6.html#ChichesterKGLMB15</url>
</article></dblp>
