<?xml version="1.0" encoding="US-ASCII"?>
<dblp>
<article key="journals/semweb/CiccareseP14" mdate="2017-06-08">
<author>Paolo Ciccarese</author>
<author orcid="0000-0003-0530-4305">Silvio Peroni</author>
<title>The Collections Ontology: Creating and handling collections in OWL 2 DL frameworks.</title>
<abstract> 
<introduction>
The RDF collections and containers is one of the most used features by RDF technicians and practitioners. Although some work has been published in past, there is not a standard and accepted way for defining collections within OWL DL frameworks. 
</introduction>
<method>
Here, we attempt to address this issue with the introduction of the Collections Ontology (CO) version 2.0. CO is an OWL 2 DL ontology developed for creating sets, bags and lists of resources, and for inferring collection properties even in the presence of incomplete information.
</method> 
</abstract> 
<pages>515-529</pages>
<year>2014</year>
<volume>5</volume>
<journal>Semantic Web</journal>
<number>6</number>
<ee>https://doi.org/10.3233/SW-130121</ee>
<url>db/journals/semweb/semweb5.html#CiccareseP14</url>
</article></dblp>
