<?xml version="1.0" encoding="US-ASCII"?>
<dblp>
<article key="journals/semweb/CiccareseSPC14" mdate="2017-06-08">
<author>Paolo Ciccarese</author>
<author>David M. Shotton</author>
<author orcid="0000-0003-0530-4305">Silvio Peroni</author>
<author>Tim Clark</author>
<title>CiTO + SWAN: The web semantics of bibliographic records, citations, evidence and discourse relationships.</title>
<abstract> 
<introduction>
Most literature searching in biomedicine is now conducted via PubMed, Google Scholar or other web-based bibliographic search mechanisms. Yet until now a public, open, interoperable and complete web-adapted information schema for bibliographic citations, bibliographic references and scientific discourse has not been available. Such a schema, expressed in the form of a description logic compatible with current web semantics approaches, would provide the ability to treat bibliographic references and citations, and rhetorical discourse in scientific publications, as semantic metadata on the web, with all the benefits that implies for organization, search and mash-up of web-based scientific information. 
</introduction>
<method> 
In this paper we present CiTO + SWAN, a set of fully harmonized ontology modules resulting from the harmonization of CiTO (the Citation Typing Ontology) with SWAN (Semantic Web Applications in Neuromedicine), which we have developed by jointly adapting and evolving version 1.6 of CiTO, the Citation Typing Ontology, and version 1.2 of the SWAN Scientific Discourse Ontology (v1.2). The CiTO + SWAN model is specified in OWL 2 DL, is fully modular, and inherently supports agent-based searching and mash-ups. 
</method> 
<discussion_conclusion>
Through the harmonization activity presented here, and previous work that harmonized SWAN with the SIOC (Semantically-Interlinked Online Communities) Ontology for describing blogs, wikis and discussion groups, we have construct the basis of a powerful new web framework for scientific communications. 
</discussion_conclusion>
</abstract> 
<pages>295-311</pages>
<year>2014</year>
<volume>5</volume>
<journal>Semantic Web</journal>
<number>4</number>
<ee>https://doi.org/10.3233/SW-130098</ee>
<url>db/journals/semweb/semweb5.html#CiccareseSPC14</url>
</article></dblp>
