<?xml version="1.0" encoding="US-ASCII"?>
<dblp>
<article key="journals/semweb/CimianoK10" mdate="2017-05-20">
<author>Philipp Cimiano</author>
<author>Stefan Kopp</author>
<title>Accessing the Web of Data through embodied virtual characters.</title>
<abstract>
<introduction>
 The amount of data published on the Semantic Web has witnessed a tremendous growth in the last years to which the Linked Open Data (LOD) project has contributed significantly. While the Semantic Web was originally conceived of as an extension to the Web by addition of machine-readable data allowing automatic processing by machines, the question how humans can benefit from all the data published on the Web is becoming an important one. 
</introduction>
<method> 
In the light of this question it seems crucial to make accessing the data on the Web as easy and intuitive as possible by adapting to the cognitive and information processing capabilities of humans. In this short position paper, we argue that one interesting and promising approach in this direction is to allow people to access semantic data on the Web through multimodal interaction with embodied virtual characters. 
</method> 
</abstract>
<pages>83-88</pages>
<year>2010</year>
<volume>1</volume>
<journal>Semantic Web</journal>
<number>1-2</number>
<ee>https://doi.org/10.3233/SW-2010-0008</ee>
<url>db/journals/semweb/semweb1.html#CimianoK10</url>
</article></dblp>
