<?xml version="1.0" encoding="US-ASCII"?>
<dblp>
<article key="journals/semweb/Clark14" mdate="2017-05-20">
<author>Tim Clark</author>
<title>Next Generation Scientific Publishing and the Web of Data.</title>
<abstract>
<introduction>
Next Generation scientific publishing will exploit both the web of documents and the web of data to help resolve many of today's serious problems in reproducibility, citation and citation-claim integrity, and publication volume intractability. 
</introduction>
<method>
Here we briefly review several developments in this field using new semantic models and approaches to help achieve more robust scientific, and particularly biomedical, communications.
</method> 
</abstract>
<pages>257-259</pages>
<year>2014</year>
<volume>5</volume>
<journal>Semantic Web</journal>
<number>4</number>
<ee>https://doi.org/10.3233/SW-140139</ee>
<url>db/journals/semweb/semweb5.html#Clark14</url>
</article></dblp>
