<?xml version="1.0" encoding="US-ASCII"?>
<dblp>
<article key="journals/semweb/ConstantinPPSV16" mdate="2017-06-08">
<author>Alexandru Constantin</author>
<author orcid="0000-0003-0530-4305">Silvio Peroni</author>
<author>Steve Pettifer</author>
<author>David M. Shotton</author>
<author>Fabio Vitali</author>
<title>The Document Components Ontology (DoCO).</title>
<abstract>
<introduction>
The availability in machine-readable form of descriptions of the structure of documents, as well as of the document discourse (e.g. the scientific discourse within scholarly articles), is crucial for facilitating semantic publishing and the overall comprehension of documents by both users and machines. 
</introduction>
<method> 
In this paper we introduce DoCO, the Document Components Ontology, an OWL 2 DL ontology that provides a general-purpose structured vocabulary of document elements to describe both structural and rhetorical document components in RDF. 
</method> 
<discussion_conclusion>
In addition to giving a formal description of the ontology, this paper showcases its utility in practice in a variety of our own applications and other activities of the Semantic Publishing community that rely on DoCO to annotate and retrieve document components of scholarly articles.
</discussion_conclusion>
</abstract>
<pages>167-181</pages>
<year>2016</year>
<volume>7</volume>
<journal>Semantic Web</journal>
<number>2</number>
<ee>https://doi.org/10.3233/SW-150177</ee>
<url>db/journals/semweb/semweb7.html#ConstantinPPSV16</url>
</article></dblp>
