<?xml version="1.0" encoding="US-ASCII"?>
<dblp>
<article key="journals/semweb/CorchoG10" mdate="2017-09-15">
<author orcid="0000-0002-9260-0753">&#211;scar Corcho</author>
<author>Raul Garcia-Castro</author>
<title>Five challenges for the Semantic Sensor Web.</title>
<abstract> 
<introduction>
The combination of sensor networks with the Web, web services and database technologies, was named some years ago as the Sensor Web or the Sensor Internet. Most efforts in this area focused on the provision of platforms that could be used to build sensor-based applications more efficiently, considering some of the most important challenges in sensor-based data management and sensor network configuration. The introduction of semantics into these platforms provides the opportunity of going a step forward into the understanding, management and use of sensor-based data sources, and this is a topic being explored by ongoing initiatives. 
</introduction>
<method> 
In this paper we go through some of the most relevant challenges of the current Sensor Web, and describe some ongoing work and open opportunities for the introduction of semantics in this context. 
</method>
</abstract> 
<pages>121-125</pages>
<year>2010</year>
<volume>1</volume>
<journal>Semantic Web</journal>
<number>1-2</number>
<ee>https://doi.org/10.3233/SW-2010-0005</ee>
<url>db/journals/semweb/semweb1.html#CorchoG10</url>
</article></dblp>
