<?xml version="1.0" encoding="US-ASCII"?>
<dblp>
<article key="journals/semweb/CorrendoS13" mdate="2017-05-20">
<author>Gianluca Correndo</author>
<author>Nigel Shadbolt</author>
<title>Linked Nomenclature of Territorial Units for Statistics.</title>
<abstract> 
<introduction>
The publication of public sector information (PSI) data sets has brought to the attention of the scientific community the redundant presence of location based context. At the same time it stresses the inadequacy of current Linked Data services for exploiting the semantics of such contextual dimensions for easing entity retrieval and browsing. 
</introduction>
<method> 
In this paper we describe our Linked Data representation of the NUTS European statistical subdivision, created to support the e-government and public sector in publishing their data sets. 
</method> 
<discussion_conclusion>
The topological knowledge published in the Linked NUTS can be reused in order to enrich the geographical context of other data sets, in particular in a scenario where statistical data sets describe information that have strong ties with the territory, and therefore with its geography. 
</discussion_conclusion>
</abstract> 
<pages>251-256</pages>
<year>2013</year>
<volume>4</volume>
<journal>Semantic Web</journal>
<number>3</number>
<ee>https://doi.org/10.3233/SW-2012-0079</ee>
<url>db/journals/semweb/semweb4.html#CorrendoS13</url>
</article></dblp>
