<?xml version="1.0" encoding="US-ASCII"?>
<dblp>
<article key="journals/semweb/Cox16" mdate="2017-05-20">
<author>Simon J. D. Cox</author>
<title>Time ontology extended for non-Gregorian calendar applications.</title>
<abstract>
<introduction>
 We have extended OWL-Time to support the encoding of temporal position in a range of reference systems, in addition to the Gregorian calendar and conventional clock. 
</introduction>
<method>
Two alternative implementations are provided: as a pure extension or OWL-Time, or as a replacement, both of which preserve the same representation for the cases originally supported by OWL-Time.
</method> 
<results>
 The combination of the generalized temporal position encoding and the temporal interval topology from OWL-Time support a range of applications in a variety of cultural and technical settings.
</results>
<discussion_conclusion>
 These are illustrated with examples involving non-Gregorian calendars, Unix-time, and geologic time using both chronometric and stratigraphic timescales.
</discussion_conclusion>
</abstract> 
<pages>201-209</pages>
<year>2016</year>
<volume>7</volume>
<journal>Semantic Web</journal>
<number>2</number>
<ee>https://doi.org/10.3233/SW-150187</ee>
<url>db/journals/semweb/semweb7.html#Cox16</url>
</article></dblp>
