<?xml version="1.0" encoding="US-ASCII"?>
<dblp>
<article key="journals/semweb/Cox17" mdate="2017-05-20">
<author>Simon J. D. Cox</author>
<title>Ontology for observations and sampling features, with alignments to existing models.</title>
<abstract> 
<introduction>
We introduce new OWL ontologies for observations and sampling features, based on the O&M conceptual model from OGC and ISO 19156. Previous efforts, (a) through the W3C SSN project, and (b) following ISO rules for conversion from UML, had dependencies on elaborate pre-existing ontologies and frameworks. 
</introduction>
<method> 
The new ontologies, known as om-lite and sam-lite, remove such dependencies, and can therefore be used with minimal ontological commitment beyond the O&M conceptual model. Time and space concepts, for which there are multiple existing solutions, are implemented as stub-classes, and patterns for linking to the existing ontologies are described. 
</method>
<discussion_conclusion>
PROV is used to support certain requirements for the description of specimens. A more general alignment of both observation and sampling feature ontologies with PROV is described, as well as mappings to some other observation models and ontologies.
</discussion_conclusion>
</abstract>  
<pages>453-470</pages>
<year>2017</year>
<volume>8</volume>
<journal>Semantic Web</journal>
<number>3</number>
<ee>https://doi.org/10.3233/SW-160214</ee>
<url>db/journals/semweb/semweb8.html#Cox17</url>
</article></dblp>
