<?xml version="1.0" encoding="US-ASCII"?>
<dblp>
<article key="journals/semweb/CoxYR16" mdate="2017-05-20">
<author>Simon J. D. Cox</author>
<author>Jonathan Yu</author>
<author>Terry Rankine</author>
<title>SISSVoc: A Linked Data API for access to SKOS vocabularies.</title>
<abstract>
<introduction>
 The Spatial Information Services Stack Vocabulary Service (SISSVoc) is a Linked Data API for accessing published vocabularies. 
</introduction>
<method> 
SISSVoc provides a RESTful interface via a set of URI patterns that are aligned with SKOS. These provide a standard web interface for any vocabulary which uses SKOS classes and properties. The SISSVoc implementation provides web pages for human users, and machine-readable resources for client applications (in RDF, JSON, and XML). SISSVoc is implemented using a Linked Data API fa�ade over a SPARQL endpoint. 
</method> 
<discussion_conclusion>
This approach streamlines the configuration of content negotiation, styling, query construction and dispatching. SISSVoc is being used in a number of projects, mainly in the environmental sciences, where controlled vocabularies are used to support cross-domain and interdisciplinary interoperability. SISSVoc simplifies access to vocabularies for end users, and provides a web API to support vocabulary applications.
</discussion_conclusion>
</abstract> 
<pages>9-24</pages>
<year>2016</year>
<volume>7</volume>
<journal>Semantic Web</journal>
<number>1</number>
<ee>https://doi.org/10.3233/SW-140166</ee>
<url>db/journals/semweb/semweb7.html#CoxYR16</url>
</article></dblp>
