<?xml version="1.0" encoding="US-ASCII"?>
<dblp>
<article key="journals/semweb/DagadAB16" mdate="2017-06-14">
<author orcid="0000-0002-3184-5407">Enrico Daga</author>
<author orcid="0000-0001-7276-4702">Mathieu d'Aquin</author>
<author>Alessandro Adamou</author>
<author>Stuart Brown</author>
<title>The Open University Linked Data - data.open.ac.uk.</title>
<abstract>
<introduction>
 The article reports on the evolution of data.open.ac.uk, the Linked Open Data platform of the Open University, from a research experiment to a data hub for the open content of the University. 
Entirely based on Semantic Web technologies (RDF and the Linked Data principles), data.open.ac.uk is used to curate, publish and access data about academic degree qualifications, courses, scholarly publications and open educational resources of the University. It exposes a SPARQL endpoint and several other services to support developers, including queries stored server-side and entity lookup using known identifiers such as course codes and YouTube video IDs. 
</introduction>
<results>
The platform is now a key information service at the Open University, with several core systems and websites exploiting linked data through data.open.ac.uk. 
</results>
<discussion_conclusion>
Through these applications, data.open.ac.uk is now fulfilling a key role in the overall data infrastructure of the university, and in establishing connections with other educational institutions and information providers.
</discussion_conclusion>
</abstract> 
<pages>183-191</pages>
<year>2016</year>
<volume>7</volume>
<journal>Semantic Web</journal>
<number>2</number>
<ee>https://doi.org/10.3233/SW-150182</ee>
<url>db/journals/semweb/semweb7.html#DagadAB16</url>
</article></dblp>
