<?xml version="1.0" encoding="US-ASCII"?>
<dblp>
<article key="journals/semweb/DagaGM18" mdate="2018-02-01">
<author>Enrico Daga</author>
<author>Aldo Gangemi</author>
<author>Enrico Motta</author>
<title>Reasoning with data flows and policy propagation rules.</title>
<abstract> 
<introduction>
Data-oriented systems and applications are at the centre of current developments of the World Wide Web. In these scenarios, assessing what policies propagate from the licenses of data sources to the output of a given data-intensive system is an important problem. Both policies and data flows can be described with Semantic Web languages. Although it is possible to define Policy Propagation Rules (PPR) by associating policies to data flow steps, this activity results in a huge number of rules to be stored and managed. 
</introduction>
<method> 
In a recent paper, we introduced strategies for reducing the size of a PPR knowledge base by using an ontology of the possible relations between data objects, the Datanode ontology, and applying the (A)AAAA methodology, a knowledge engineering approach that exploits Formal Concept Analysis (FCA). In this article, we investigate whether this reasoning is feasible and how it can be performed. For this purpose, we study the impact of compressing a rule base associated with an inference mechanism on the performance of the reasoning process. Moreover, we report on an extension of the (A)AAAA methodology that includes a coherency check algorithm, that makes this reasoning possible. 
</method> 
<results>
We show how this compression, in addition to being beneficial to the management of the knowledge base, also has a positive impact on the performance and resource requirements of the reasoning process for policy propagation. 
</results>
</abstract> 
<pages>163-183</pages>
<year>2018</year>
<volume>9</volume>
<journal>Semantic Web</journal>
<number>2</number>
<ee>https://doi.org/10.3233/SW-170266</ee>
<url>db/journals/semweb/semweb9.html#DagaGM18</url>
</article>
</dblp>
