<?xml version="1.0" encoding="US-ASCII"?>
<dblp>
<article key="journals/semweb/dAmatoFE10" mdate="2017-06-08">
<author orcid="0000-0002-3385-987X">Claudia d'Amato</author>
<author>Nicola Fanizzi</author>
<author>Floriana Esposito</author>
<title>Inductive learning for the Semantic Web: What does it buy?</title>
<abstract> 
<introduction>
Nowadays, building ontologies is a time consuming task since they are mainly manually built. This makes hard the full realization of the Semantic Web view. In order to overcome this issue, machine learning techniques, and specifically inductive learning methods, could be fruitfully exploited for learning models from existing Web data. 
</introduction>
<method> 
In this paper we survey methods for (semi-)automatically building and enriching ontologies from existing sources of information such as Linked Data, tagged data, social networks, ontologies. In this way, a large amount of ontologies could be quickly available and possibly only refined by the knowledge engineers. Furthermore, inductive incremental learning techniques could be adopted to perform reasoning at large scale, for which the deductive approach has showed its limitations. 
</method> 
<discussion_conclusion>
Indeed, incremental methods allow to learn models from samples of data and then to refine/enrich the model when new (samples of) data are available. If on one hand this means to abandon sound and complete reasoning procedures for the advantage of uncertain conclusions, on the other hand this could allow to reason on the entire Web. Besides, the adoption of inductive learning methods could make also possible to dial with the intrinsic uncertainty characterizing the Web, that, for its nature, could have incomplete and/or contradictory information. 
</discussion_conclusion>
</abstract> 
<pages>53-59</pages>
<year>2010</year>
<volume>1</volume>
<journal>Semantic Web</journal>
<number>1-2</number>
<ee>https://doi.org/10.3233/SW-2010-0007</ee>
<url>db/journals/semweb/semweb1.html#dAmatoFE10</url>
</article></dblp>
