<?xml version="1.0" encoding="US-ASCII"?>
<dblp>
<article key="journals/semweb/dAquinM11" mdate="2017-06-14">
<author orcid="0000-0001-7276-4702">Mathieu d'Aquin</author>
<author orcid="0000-0003-0015-1952">Enrico Motta</author>
<title>Watson, more than a Semantic Web search engine.</title>
<abstract> 
<introduction>
In this tool report, we present an overview of the Watson system, a Semantic Web search engine providing various functionalities not only to find and locate ontologies and semantic data online, but also to explore the content of these semantic documents.
</introduction>
<discussion_conclusion>
 Beyond the simple facade of a search engine for the Semantic Web, we show that the availability of such a component brings new possibilities in terms of developing semantic applications that exploit the content of the Semantic Web. Indeed, Watson provides a set of APIs containing high level functions for finding, exploring and querying semantic data and ontologies that have been published online. Thanks to these APIs, new applications have emerged that connect activities such as ontology construction, matching, sense disambiguation and question answering to the Semantic Web, developed by our group and others. In addition, we also describe Watson as a unprecedented research platform for the study the Semantic Web, and of formalised knowledge in general.
</discussion_conclusion>
</abstract>  
<pages>55-63</pages>
<year>2011</year>
<volume>2</volume>
<journal>Semantic Web</journal>
<number>1</number>
<ee>https://doi.org/10.3233/SW-2011-0031</ee>
<url>db/journals/semweb/semweb2.html#dAquinM11</url>
</article></dblp>
