<?xml version="1.0" encoding="US-ASCII"?>
<dblp>
<article key="journals/semweb/DavidESS11" mdate="2017-05-20">
<author>J&#233;r&#244;me David</author>
<author>J&#233;r&#244;me Euzenat</author>
<author>Fran&#231;ois Scharffe</author>
<author>C&#225;ssia Trojahn dos Santos</author>
<title>The Alignment API 4.0.</title>
<abstract> 
<introduction>
Alignments represent correspondences between entities of two ontologies. They are produced from the ontologies by ontology matchers. In order for matchers to exchange alignments and for applications to manipulate matchers and alignments, a minimal agreement is necessary. 
</introduction>
<method> 
The Alignment API provides abstractions for the notions of network of ontologies, alignments and correspondences as well as building blocks for manipulating them such as matchers, evaluators, renderers and parsers. 
</method> 
<discussion_conclusion>
We recall the building blocks of this API and present here the version 4 of the Alignment API through some of its new features: ontology proxys, the expressive alignment language EDOAL and evaluation primitives.
</discussion_conclusion>
</abstract>  
<pages>3-10</pages>
<year>2011</year>
<volume>2</volume>
<journal>Semantic Web</journal>
<number>1</number>
<ee>https://doi.org/10.3233/SW-2011-0028</ee>
<url>db/journals/semweb/semweb2.html#DavidESS11</url>
</article></dblp>
