<?xml version="1.0" encoding="US-ASCII"?>
<dblp>
<article key="journals/semweb/DemartiniEGC13" mdate="2017-06-08">
<author orcid="0000-0002-7311-3693">Gianluca Demartini</author>
<author>Iliya Enchev</author>
<author>Jo&#235;l Gapany</author>
<author>Philippe Cudr&#233;-Mauroux</author>
<title>The Bowlogna ontology: Fostering open curricula and agile knowledge bases for Europe's higher education landscape.</title>
<abstract> 
<introduction>
The Bologna Process initiated a radical change within higher education institutions. This change triggered the creation of new administrative procedures in the every day life of European universities. It also gave rise to the emergence of new concepts for the description of curricula. It is critical for the successful continuation of this process to support the publication and exchange of information among universities. With this aim in mind, we created the Bowlogna Ontology to model an academic setting as proposed by the Bologna reform. 
</introduction>
<method> 
In this paper, we present our efforts to design this ontology and the entire process that lead to its creation starting from the definition of a linguistic lexicon derived from the Bologna reform and its conversion to a formal ontology. 
</method> 
<results>
We also describe practical applications of our ontology for end-users at universities (such as a faceted search and browsing system for course information).
</results>
</abstract> 
<pages>53-63</pages>
<year>2013</year>
<volume>4</volume>
<journal>Semantic Web</journal>
<number>1</number>
<ee>https://doi.org/10.3233/SW-2012-0064</ee>
<url>db/journals/semweb/semweb4.html#DemartiniEGC13</url>
</article></dblp>
