<?xml version="1.0" encoding="US-ASCII"?>
<dblp>
<article key="journals/semweb/DentlerCTK11" mdate="2017-09-15">
<author>Kathrin Dentler</author>
<author orcid="0000-0002-1704-5980">Ronald Cornet</author>
<author orcid="0000-0002-9771-8822">Annette ten Teije</author>
<author>Nicolette de Keizer</author>
<title>Comparison of reasoners for large ontologies in the OWL 2 EL profile.</title>
<abstract> 
<introduction>
This paper provides a survey to and a comparison of state-of-the-art Semantic Web reasoners that succeed in classifying large ontologies expressed in the tractable OWL 2 EL profile. 
Reasoners are characterized along several dimensions: The first dimension comprises underlying reasoning characteristics, such as the employed reasoning method and its correctness as well as the expressivity and worst-case computational complexity of its supported language and whether the reasoner supports incremental classification, rules, justifications for inconsistent concepts and ABox reasoning tasks. The second dimension is practical usability: whether the reasoner implements the OWL API and can be used via OWLlink, whether it is available as Prot�g� plugin, on which platforms it runs, whether its source is open or closed and which license it comes with. The last dimension contains performance indicators that can be evaluated empirically, such as classification, concept satisfiability, subsumption checking and consistency checking performance as well as required heap space and practical correctness, which is determined by comparing the computed concept hierarchies with each other. 
</introduction>
<method> 
For the very large ontology SNOMED CT, which is released both in stated and inferred form, we test whether the computed concept hierarchies are correct by comparing them to the inferred form of the official distribution. 
</method> 
<results>
The reasoners are categorized along the defined characteristics and benchmarked against well-known biomedical ontologies. 
</results>
<discussion_conclusion>
The main conclusion from this study is that reasoners vary significantly with regard to all included characteristics, and therefore a critical assessment and evaluation of requirements is needed before selecting a reasoner for a real-life application. 
</discussion_conclusion>
</abstract> 
<pages>71-87</pages>
<year>2011</year>
<volume>2</volume>
<journal>Semantic Web</journal>
<number>2</number>
<ee>https://doi.org/10.3233/SW-2011-0034</ee>
<url>db/journals/semweb/semweb2.html#DentlerCTK11</url>
</article></dblp>
