<?xml version="1.0" encoding="US-ASCII"?>
<dblp>
<article key="journals/semweb/DietzeTd17" mdate="2017-06-14">
<author>Stefan Dietze</author>
<author>Davide Taibi</author>
<author orcid="0000-0001-7276-4702">Mathieu d'Aquin</author>
<title>Facilitating Scientometrics in Learning Analytics and Educational Data Mining - the LAK Dataset.</title>
<abstract> 
<introduction>
The Learning Analytics and Knowledge (LAK) Dataset represents an unprecedented corpus which exposes a near complete collection of bibliographic resources for a specific research discipline, namely the connected areas of Learning Analytics and Educational Data Mining. 
</introduction>
<method>
Covering over five years of scientific literature from the most relevant conferences and journals, the dataset provides Linked Data about bibliographic metadata as well as full text of the paper body. The latter was enabled through special licensing agreements with ACM for publications not yet available through open access. 
</method> 
<results>
The dataset has been designed following established Linked Data pattern, reusing established vocabularies and providing links to established schemas and entity coreferences in related datasets. 
</results>
<discussion_conclusion>
Given the temporal and topic coverage of the dataset, being a near-complete corpus of research publications of a particular discipline, it facilitates scientometric investigations, for instance, about the evolution of a scientific field over time, or correlations with other disciplines, what is documented through its usage in a wide range of scientific studies and applications.
</discussion_conclusion> 
</abstract> 
<pages>395-403</pages>
<year>2017</year>
<volume>8</volume>
<journal>Semantic Web</journal>
<number>3</number>
<ee>https://doi.org/10.3233/SW-150201</ee>
<url>db/journals/semweb/semweb8.html#DietzeTd17</url>
</article></dblp>
