<?xml version="1.0" encoding="US-ASCII"?>
<dblp>
<article key="journals/semweb/DijkshoornJAOSW18" mdate="2018-02-01">
<author>Chris Dijkshoorn</author>
<author>Lizzy Jongma</author>
<author>Lora Aroyo</author>
<author>Jacco van Ossenbruggen</author>
<author>Guus Schreiber</author>
<author>Wesley ter Weele</author>
<author>Jan Wielemaker</author>
<title>The Rijksmuseum collection as Linked Data.</title>
<abstract> 
<introduction>
Many museums are currently providing online access to their collections. The state of the art research in the last decade shows that it is beneficial for institutions to provide their datasets as Linked Data in order to achieve easy cross-referencing, interlinking and integration. 
</introduction>
<method> 
In this paper, we present the Rijksmuseum linked dataset (accessible at http://datahub.io/dataset/rijksmuseum), along with collection and vocabulary statistics, as well as lessons learned from the process of converting the collection to Linked Data. 
</method> 
<results>
The version of March 2016 contains over 350,000 objects, including detailed descriptions and high-quality images released under a public domain license.
</results>
</abstract>  
<pages>221-230</pages>
<year>2018</year>
<volume>9</volume>
<journal>Semantic Web</journal>
<number>2</number>
<ee>https://doi.org/10.3233/SW-170257</ee>
<url>db/journals/semweb/semweb9.html#DijkshoornJAOSW18</url>
</article>
</dblp>
