<?xml version="1.0" encoding="US-ASCII"?>
<dblp>
<article key="journals/semweb/DistintodM14" mdate="2017-06-14">
<author>Isabella Distinto</author>
<author orcid="0000-0001-7276-4702">Mathieu d'Aquin</author>
<author>Enrico Motta</author>
<title>LOTED2: An ontology of European public procurement notices.</title>
<abstract>
<introduction>
 This paper describes the construction of the LOTED2 ontology for the representation of European public procurement notices. 
</introduction>
<method> 
LOTED2 follows initiatives around the creation of linked data-compliant representations of information regarding tender notices in Europe, but focusing on placing such representations within their legal context. It is therefore considered a legal ontology, as it supports the identification of legal concepts and more generally, legal reasoning. 
</method> 
<results>
Unlike many other legal ontologies however, LOTED2 is designed to support the creation of Semantic Web applications. The methodology applied for building LOTED2 therefore seeks to find a compromise between the accurate representation of legal concepts and the usability of the ontology as a knowledge model for Semantic Web applications, while creating connections to other relevant ontologies in the domain. 
</results>
</abstract>
<pages>267-293</pages>
<year>2016</year>
<volume>7</volume>
<journal>Semantic Web</journal>
<number>3</number>
<ee>https://doi.org/10.3233/SW-140151</ee>
<url>db/journals/semweb/semweb7.html#DistintodM14</url>
</article></dblp>
