<?xml version="1.0" encoding="US-ASCII"?>
<dblp>
<article key="journals/semweb/DresslerN17" mdate="2017-05-20">
<author>Kevin Dre&#223;ler</author>
<author>Axel-Cyrille Ngonga Ngomo</author>
<title>On the efficient execution of bounded Jaro-Winkler distances.</title>
<abstract> 
<introduction>
Over the last years, time-efficient approaches for the discovery of links between knowledge bases have been regarded as a key requirement towards implementing the idea of a Data Web. Thus, efficient and effective measures for comparing the labels of resources are central to facilitate the discovery of links between datasets on the Web of Data as well as their integration and fusion. 
</introduction>
<method> 
We present a novel time-efficient implementation of filters that allow for the efficient execution of bounded Jaro-Winkler measures. 
</method> 
<results>
We evaluate our approach on several datasets derived from DBpedia 3.9 and LinkedGeoData and containing up to 106 strings and show that it scales linearly with the size of the data for large thresholds. Moreover, we also show that our approach can be easily implemented in parallel. We also evaluate our approach against SILK and show that we outperform it even on small datasets. 
</results>
</abstract> 
<pages>185-196</pages>
<year>2017</year>
<volume>8</volume>
<journal>Semantic Web</journal>
<number>2</number>
<ee>https://doi.org/10.3233/SW-150209</ee>
<url>db/journals/semweb/semweb8.html#DresslerN17</url>
</article></dblp>
