<?xml version="1.0" encoding="US-ASCII"?>
<dblp>
<article key="journals/semweb/EbnerP14" mdate="2017-05-20">
<author>Hannes Ebner</author>
<author>Matthias Palm&#233;r</author>
<title>An information model for managing resources and their metadata.</title>
<abstract> 
<introduction>
Today information is managed within increasingly complicated Web applications which often rely on similar information models. Finding a reusable and sufficiently generic information model for managing resources and their metadata would greatly simplify development of Web applications. 
</introduction>
<method> 
This article presents such an information model, namely the Resource and Metadata Management Model (ReM3). The information model builds upon Web architecture and standards, more specifically the Linked Data principles when managing resources together with their metadata. It allows to express relations between metadata and to keep track of provenance and access control. In addition to this information model, the architecture of the reference implementation is described along with a Web application that builds upon it. 
</method> 
<results>
To show the taken approach in practice, several real-world examples are presented as showcases. The information model and its reference implementation have been evaluated from several perspectives, such as the suitability for resource annotation, a preliminary scalability analysis and the adoption in a number of projects. This evaluation in various complementary dimensions shows that ReM3 has been successfully applied in practice and can be considered a serious alternative when developing Web applications where resources are managed along with their metadata. 
</results>
</abstract> 
<pages>237-255</pages>
<year>2014</year>
<volume>5</volume>
<journal>Semantic Web</journal>
<number>3</number>
<ee>https://doi.org/10.3233/SW-120090</ee>
<url>db/journals/semweb/semweb5.html#EbnerP14</url>
</article></dblp>
