<?xml version="1.0" encoding="US-ASCII"?>
<dblp>
<article key="journals/semweb/Eckle-KohlerMC15" mdate="2017-06-14">
<author>Judith Eckle-Kohler</author>
<author orcid="0000-0002-7227-1331">John Philip McCrae</author>
<author>Christian Chiarcos</author>
<title>lemonUby - A large, interlinked, syntactically-rich lexical resource for ontologies.</title>
<abstract> 
<introduction>
We introduce lemonUby, a new lexical resource integrated in the Semantic Web which is the result of converting data extracted from the existing large-scale linked lexical resource UBY to the lemon lexicon model. 
</introduction>
<method> 
The following data from UBY were converted: WordNet, FrameNet, VerbNet, English and German Wiktionary, the English and German entries of OmegaWiki, as well as links between pairs of these lexicons at the word sense level (links between VerbNet and FrameNet, VerbNet and WordNet, WordNet and FrameNet, WordNet and Wiktionary, WordNet and German OmegaWiki). 
</method> 
<discussion_conclusion>
We linked lemonUby to other lexical resources and linguistic terminology repositories in the Linguistic Linked Open Data cloud and outline possible applications of this new dataset.
</discussion_conclusion>
</abstract>  
<pages>371-378</pages>
<year>2015</year>
<volume>6</volume>
<journal>Semantic Web</journal>
<number>4</number>
<ee>https://doi.org/10.3233/SW-140159</ee>
<url>db/journals/semweb/semweb6.html#Eckle-KohlerMC15</url>
</article></dblp>
