<?xml version="1.0" encoding="US-ASCII"?>
<dblp>
<article key="journals/semweb/FarberBMR18" mdate="2017-12-13">
<author>Michael F&#228;rber 0001</author>
<author>Frederic Bartscherer</author>
<author>Carsten Menne</author>
<author>Achim Rettinger</author>
<title>Linked data quality of DBpedia, Freebase, OpenCyc, Wikidata, and YAGO.</title>
<abstract> 
<introduction>
In recent years, several noteworthy large, cross-domain, and openly available knowledge graphs (KGs) have been created. These include DBpedia, Freebase, OpenCyc, Wikidata, and YAGO. Although extensively in use, these KGs have not been subject to an in-depth comparison so far. 
</introduction>
<method> 
In this survey, we provide data quality criteria according to which KGs can be analyzed and analyze and compare the above mentioned KGs. Furthermore, we propose a framework for finding the most suitable KG for a given setting. 
</method> 
</abstract> 
<pages>77-129</pages>
<year>2018</year>
<volume>9</volume>
<journal>Semantic Web</journal>
<number>1</number>
<ee>https://doi.org/10.3233/SW-170275</ee>
<url>db/journals/semweb/semweb9.html#FarberBMR18</url>
</article>
</dblp>
