<?xml version="1.0" encoding="US-ASCII"?>
<dblp>
<article key="journals/semweb/FazzingaL10" mdate="2017-06-08">
<author orcid="0000-0001-8611-2377">Bettina Fazzinga</author>
<author>Thomas Lukasiewicz</author>
<title>Semantic search on the Web.</title>
<abstract> 
<introduction>
Web search is a key technology of the Web, since it is the primary way to access content on the Web. Current standard Web search is essentially based on a combination of textual keyword search with an importance ranking of the documents depending on the link structure of the Web. For this reason, it has many limitations, and there are a plethora of research activities towards more intelligent forms of search on the Web, called semantic search on the Web, or also Semantic Web search. 
</introduction>
<method> 
In this paper, we give a brief overview of existing such approaches, including own ones, and sketch some possible future directions of research.
</method> 
</abstract>  
<pages>89-96</pages>
<year>2010</year>
<volume>1</volume>
<journal>Semantic Web</journal>
<number>1-2</number>
<ee>https://doi.org/10.3233/SW-2010-0023</ee>
<url>db/journals/semweb/semweb1.html#FazzingaL10</url>
</article></dblp>
