<?xml version="1.0" encoding="US-ASCII"?>
<dblp>
<article key="journals/semweb/FeeneyMB18" mdate="2017-12-13">
<author>Kevin Chekov Feeney</author>
<author>Gavin Mendel-Gleason</author>
<author>Rob Brennan</author>
<title>Linked data schemata: Fixing unsound foundations.</title>
<abstract>
<introduction>
This paper describes our tools and method for an evaluation of the practical and logical implications of combining common linked data vocabularies into a single local logical model for the purpose of reasoning or performing quality evaluations. These vocabularies need to be unified to form a combined model because they reference or reuse terms from other linked data vocabularies and thus the definitions of those terms must be imported. 
</introduction>
<results>
We found that strong interdependencies between vocabularies are common and that a significant number of logical and practical problems make this model unification inconsistent. 
</results>
<discussion_conclusion>
In addition to identifying problems, this paper suggests a set of recommendations for linked data ontology design best practice. Finally we make some suggestions for improving OWL�s support for distributed authoring and ontology reuse. 
</discussion_conclusion>
</abstract>
<pages>53-75</pages>
<year>2018</year>
<volume>9</volume>
<journal>Semantic Web</journal>
<number>1</number>
<ee>https://doi.org/10.3233/SW-170271</ee>
<url>db/journals/semweb/semweb9.html#FeeneyMB18</url>
</article>
</dblp>
