<?xml version="1.0" encoding="US-ASCII"?>
<dblp>
<article key="journals/semweb/Ferre17" mdate="2017-05-20">
<author>S&#233;bastien Ferr&#233;</author>
<title>Sparklis: An expressive query builder for SPARQL endpoints with guidance in natural language.</title>
<abstract> 
<introduction>
Sparklis is a Semantic Web tool that helps users explore and query SPARQL endpoints by guiding them in the interactive building of questions and answers, from simple ones to complex ones. 
</introduction>
<method> 
It combines the fine-grained guidance of faceted search, most of the expressivity of SPARQL, and the readability of (controlled) natural languages. No knowledge of the vocabulary and schema are required for users. Many SPARQL features are covered: multidimensional queries, union, negation, optional, filters, aggregations, ordering. Queries are verbalized in either English or French, so that no knowledge of SPARQL is ever necessary. 
</method> 
<results>
All of this is implemented in a portable Web application, Sparklis, and has been evaluated on many endpoints and questions. No endpoint-specific configuration is necessary as the data schema is discovered on the fly by the tool. Online since April 2014, thousands of queries have been formed by hundreds of users over more than a hundred endpoints. 
</results>
</abstract> 
<pages>405-418</pages>
<year>2017</year>
<volume>8</volume>
<journal>Semantic Web</journal>
<number>3</number>
<ee>https://doi.org/10.3233/SW-150208</ee>
<url>db/journals/semweb/semweb8.html#Ferre17</url>
</article></dblp>
