<?xml version="1.0" encoding="US-ASCII"?>
<dblp>
<article key="journals/semweb/FillottraniFT12" mdate="2017-06-08">
<author orcid="0000-0003-0906-867X">Pablo R. Fillottrani</author>
<author>Enrico Franconi</author>
<author>Sergio Tessaris</author>
<title>The ICOM 3.0 intelligent conceptual modelling tool and methodology.</title>
<abstract> 
<method> 
ICOM (version 3.0) is an advanced conceptual modelling tool, which allows the user to design multiple extended ontologies. Each project can be organised into several ontologies, with the possibility to include inter- and intra-ontology constraints. 
</method> 
<results>
Complete logical reasoning is employed by the tool to verify the specification, infer implicit facts, devise stricter constraints, and manifest any inconsistency. ICOM is fully integrated with a very powerful description logic reasoning server which acts as a background inference engine. 
</results>
<discussion_conclusion>
The intention behind ICOM is to provide a simple conceptual modelling tool that demonstrates the use of, and stimulates interest in, the novel and powerful knowledge representation based technologies for database and ontology design.
</discussion_conclusion>
</abstract>  
<pages>293-306</pages>
<year>2012</year>
<volume>3</volume>
<journal>Semantic Web</journal>
<number>3</number>
<ee>https://doi.org/10.3233/SW-2011-0038</ee>
<url>db/journals/semweb/semweb3.html#FillottraniFT12</url>
</article></dblp>
