<?xml version="1.0" encoding="US-ASCII"?>
<dblp>
<article key="journals/semweb/Fill17" mdate="2017-05-20">
<author>Hans-Georg Fill</author>
<title>SeMFIS: A flexible engineering platform for semantic annotations of conceptual models.</title>
<abstract>
<introduction>
In this paper, we present SeMFIS � a flexible engineering platform for semantic annotations of conceptual models.
Conceptual models have been used in the past for many purposes in the context of information systems� engineering. These purposes include for example the elicitation of requirements, the simulation of the behavior of future information systems, the generation of code or the interaction with information systems through models at runtime. 
</introduction>
<method>
Semantic annotations of conceptual models constitute a recently established approach for dynamically extending the semantic representation and semantic analysis scope of conceptual modeling languages. Thereby, elements in conceptual models are linked to concepts in ontologies via annotations. 
</method>
<discussion_conclusion>
Thus, additional knowledge aspects can be represented without modifications of the modeling languages. These aspects can then be analyzed using queries, specifically designed algorithms or external tools and services. 
At its core, SeMFIS provides a set of meta models for visually representing ontologies and semantic annotations as models. 
In addition, the tool contains an analysis component, a web service interface, and an import/export component to query and exchange model information. SeMFIS has been implemented using the freely available ADOxx meta modeling platform. It can thus be directly added to the large variety of other modeling methods based on this platform or used as an additional service for other tools. We present the main features of SeMFIS and briefly discuss use cases where it has been applied. SeMFIS is freely available via OMiLAB at http://semfis-platform.org/. 
</discussion_conclusion>
</abstract>
<pages>747-763</pages>
<year>2017</year>
<volume>8</volume>
<journal>Semantic Web</journal>
<number>5</number>
<ee>https://doi.org/10.3233/SW-160235</ee>
<url>db/journals/semweb/semweb8.html#Fill17</url>
</article></dblp>
