<?xml version="1.0" encoding="US-ASCII"?>
<dblp>
<article key="journals/semweb/Francesconi14" mdate="2017-05-20">
<author>Enrico Francesconi</author>
<title>Semantic model for legal resources: Annotation and reasoning over normative provisions.</title>
<abstract> 
<method> 
A Semantic Web approach for an advanced access to legislative documents is presented in terms of a model of normative provisions and related axioms. 
In particular, relations between provisions are identified and modeled by introducing patterns able to describe Hohfeldian legal fundamental relations. Moreover, a query-based approach able to deal with relations between provision specific instances is described. 
</method> 
<results>
Examples of semantic annotation of legal textual resources using RDF/OWL standards, as well as advanced access and reasoning facilities over provisions using SPARQL, are shown. 
</results>
<discussion_conclusion>
The main benefit of the approach is represented by the ability to keep the complexity of the problem within a description logic computational tractability. 
</discussion_conclusion>
</abstract> 
<pages>255-265</pages>
<year>2016</year>
<volume>7</volume>
<journal>Semantic Web</journal>
<number>3</number>
<ee>https://doi.org/10.3233/SW-140150</ee>
<url>db/journals/semweb/semweb7.html#Francesconi14</url>
</article></dblp>
