<?xml version="1.0" encoding="US-ASCII"?>
<dblp>
<article key="journals/semweb/FrischmuthMTRA15" mdate="2018-01-02">
<author>Philipp Frischmuth</author>
<author>Michael Martin 0001</author>
<author>Sebastian Tramp</author>
<author>Thomas Riechert</author>
<author>S&#246;ren Auer</author>
<title>OntoWiki - An authoring, publication and visualization interface for the Data Web.</title>
<abstract>
<method> 
 OntoWiki is a front-end application for the Semantic Data Web, which was originally developed to support distributed knowledge engineering scenarios. Due to its extensibility it also serves as a development framework for knowledge intensive applications. On the surface, OntoWiki is a generic user interface for arbitrary RDF knowledge graphs. It supports the navigation through RDF knowledge bases using SPARQL-generated lists, tables and trees (e.g. class trees and taxonomies). All resources are automatically represented as hyperlinks and backlinks are created whenever feasible, thus enabling users to easily traverse entire knowledge graphs. Since all collections of resources displayed in OntoWiki are generated by SPARQL queries, they can be further refined by applying additional filters. In order to explore large datasets, a comprehensive statistical data management and visualization method was integrated. 
</method> 
<results>
We render an architectural overview and explain the navigation, exploration and visualization features provided for RDF based information and derived statistics. To showcase the versatility of OntoWiki and its various deployments in the Linked Data Web, we describe some large-scale use cases in the domains of enterprise data integration, governmental data publication and digital humanities. 
</results>
<discussion_conclusion>
This article is the first comprehensive presentation of OntoWiki summarizing the advancements after the initial publication in 2006 [4]. 
</discussion_conclusion>
</abstract>
<pages>215-240</pages>
<year>2015</year>
<volume>6</volume>
<journal>Semantic Web</journal>
<number>3</number>
<ee>https://doi.org/10.3233/SW-140145</ee>
<url>db/journals/semweb/semweb6.html#FrischmuthMTRA15</url>
</article></dblp>
