<?xml version="1.0" encoding="US-ASCII"?>
<dblp>
<article key="journals/semweb/FuNS17" mdate="2017-05-20">
<author>Bo Fu</author>
<author>Natalya Fridman Noy</author>
<author>Margaret-Anne D. Storey</author>
<title>Eye tracking the user experience - An evaluation of ontology visualization techniques.</title>
<abstract> 
<introduction>
Various ontology visualization techniques have been developed over the years, offering essential interfaces to users for browsing and interacting with ontologies, in an effort to assist with ontology understanding. Yet few studies have focused on evaluating the usability of existing ontology visualization techniques. 
</introduction>
<method> 
This paper presents an eye-tracking user study that evaluates two commonly used ontology visualization techniques, namely, indented list and graph. The eye-tracking experiment and analysis presented in this paper complements the set of existing evaluation protocols for ontology visualization. 
</method> 
<results>
In addition, the results found from this study contribute to a greater understanding of the strengths and weaknesses of the two visualization techniques, and in particular, how and why one is more effective than the other. Based on approximately 500 MB of eye movement data containing around 30 million rows of gaze data generated by a Tobii eye tracker, we found evidence suggesting indented lists are more efficient at supporting information searches and graphs are more efficient at supporting information processing. 
</results>
</abstract> 
<pages>23-41</pages>
<year>2017</year>
<volume>8</volume>
<journal>Semantic Web</journal>
<number>1</number>
<ee>https://doi.org/10.3233/SW-140163</ee>
<url>db/journals/semweb/semweb8.html#FuNS17</url>
</article></dblp>
