<?xml version="1.0" encoding="US-ASCII"?>
<dblp>
<article key="journals/semweb/GangemiPRNDM17" mdate="2017-08-17">
<author>Aldo Gangemi</author>
<author>Valentina Presutti</author>
<author>Diego Reforgiato Recupero</author>
<author>Andrea Giovanni Nuzzolese</author>
<author>Francesco Draicchio</author>
<author>Misael Mongiov&#236;</author>
<title>Semantic Web Machine Reading with FRED.</title>
<abstract> 
<method> 
A formal machine reader is a tool able to transform natural language text into formal structured knowledge so as the latter can be interpreted by machines, according to a shared semantics. FRED is a formal machine reader for the semantic web: its output is a RDF/OWL graph, whose design is based on frame semantics.
</method> 
<results>
FRED�s graph are domain- and task-independent, making the tool suitable to be used as a semantic middleware for domain- or task-specific applications. 
</results>
<discussion_conclusion>
To serve this purpose, it is available both as REST service and as Python library. This paper provides details about FRED�s capabilities, design issues, implementation and evaluation. 
</discussion_conclusion>
</abstract> 
<pages>873-893</pages>
<year>2017</year>
<volume>8</volume>
<journal>Semantic Web</journal>
<number>6</number>
<ee>https://doi.org/10.3233/SW-160240</ee>
<url>db/journals/semweb/semweb8.html#GangemiPRNDM17</url>
</article>
</dblp>
