<?xml version="1.0" encoding="US-ASCII"?>
<dblp>
<article key="journals/semweb/GangemiP10" mdate="2017-05-20">
<author>Aldo Gangemi</author>
<author>Valentina Presutti</author>
<title>Towards a pattern science for the Semantic Web.</title>
<abstract> 
<introduction>
With the web of data, the semantic web can be an empirical science. Two problems have to be dealt with. The knowledge soup problem is about semantic heterogeneity, and can be considered a difficult technical issue, which needs appropriate transformation and inferential pipelines that can help making sense of the different knowledge contexts. The knowledge boundary problem is at the core of empirical investigation over the semantic web: what are the meaningful units that constitute the research objects for the semantic web? 
</introduction>
<discussion_conclusion>
This question touches many aspects of semantic web studies: data, schemata, representation and reasoning, interaction, linguistic grounding, etc. 
</discussion_conclusion>
</abstract> 
<pages>61-68</pages>
<year>2010</year>
<volume>1</volume>
<journal>Semantic Web</journal>
<number>1-2</number>
<ee>https://doi.org/10.3233/SW-2010-0020</ee>
<url>db/journals/semweb/semweb1.html#GangemiP10</url>
</article></dblp>
