<?xml version="1.0" encoding="US-ASCII"?>
<dblp>
<article key="journals/semweb/GangemiPSV17" mdate="2017-09-15">
<author>Aldo Gangemi</author>
<author orcid="0000-0003-0530-4305">Silvio Peroni</author>
<author>David M. Shotton</author>
<author>Fabio Vitali</author>
<title>The Publishing Workflow Ontology (PWO).</title>
<abstract>
<introduction>
 In this paper we introduce the Publishing Workflow Ontology (PWO), i.e., an OWL 2 DL ontology for the description of workflows that is particularly suitable for formalising typical publishing processes such as the publication of articles in journals. 
</introduction>
<discussion_conclusion>
We support the presentation with a discussion of all the ontology design patterns that have been reused for modelling the main characteristics of publishing workflows. In addition, we present two possible application of PWO in the publishing and legislative domains.
 </discussion_conclusion>
</abstract>
<pages>703-718</pages>
<year>2017</year>
<volume>8</volume>
<journal>Semantic Web</journal>
<number>5</number>
<ee>https://doi.org/10.3233/SW-160230</ee>
<url>db/journals/semweb/semweb8.html#GangemiPSV17</url>
</article></dblp>
