<?xml version="1.0" encoding="US-ASCII"?>
<dblp>
<article key="journals/semweb/GayoKA15" mdate="2017-06-14">
<author orcid="0000-0001-8907-5348">Jos&#233; Emilio Labra Gayo</author>
<author orcid="0000-0002-2300-4421">Dimitris Kontokostas</author>
<author orcid="0000-0002-0698-2864">S&#246;ren Auer</author>
<title>Multilingual linked data patterns.</title>
<abstract> 
<introduction>
The increasing publication of linked data makes the vision of the semantic web a probable reality. Although it may seem that the web of data is inherently multilingual, data usually contain labels, comments, descriptions, etc. that depend on the natural language used. When linked data appears in a multilingual setting, it is a challenge to publish and consume it. 
</introduction>
<method> 
This paper presents a survey of patterns to publish Multilingual Linked Data and identifies some issues that should be taken into account. As a use case, the paper describes the patterns employed in the DBpedia Internationalization project.
</method> 
</abstract>  
<pages>319-337</pages>
<year>2015</year>
<volume>6</volume>
<journal>Semantic Web</journal>
<number>4</number>
<ee>https://doi.org/10.3233/SW-140136</ee>
<url>db/journals/semweb/semweb6.html#GayoKA15</url>
</article></dblp>
