<?xml version="1.0" encoding="US-ASCII"?>
<dblp>
<article key="journals/semweb/GiunchigliaAP12" mdate="2017-05-20">
<author>Fausto Giunchiglia</author>
<author>Aliaksandr Autayeu</author>
<author>Juan Pane</author>
<title>S-Match: An open source framework for matching lightweight ontologies.</title>
<abstract> 
<introduction>
Achieving automatic interoperability among systems with diverse data structures and languages expressing different viewpoints is a goal that has been difficult to accomplish. 
This paper describes S-Match, an open source semantic matching framework that tackles the semantic interoperability problem by transforming several data structures such as business catalogs, web directories, conceptual models and web services descriptions into lightweight ontologies and establishing semantic correspondences between them. 
</introduction>
<method> 
The framework is the first open source semantic matching project that includes three different algorithms tailored for specific domains and provides an extensible API for developing new algorithms, including possibility to plug-in specific background knowledge according to the characteristics of each application domain. 
</method>
</abstract> 
<pages>307-317</pages>
<year>2012</year>
<volume>3</volume>
<journal>Semantic Web</journal>
<number>3</number>
<ee>https://doi.org/10.3233/SW-2011-0036</ee>
<url>db/journals/semweb/semweb3.html#GiunchigliaAP12</url>
</article></dblp>
