<?xml version="1.0" encoding="US-ASCII"?>
<dblp>
<article key="journals/semweb/GraciaVGB18" mdate="2018-02-01">
<author>Jorge Gracia</author>
<author>Marta Villegas</author>
<author>Asunci&#243;n G&#243;mez-P&#233;rez</author>
<author>N&#250;ria Bel</author>
<title>The apertium bilingual dictionaries on the web of data.</title>
<abstract> 
Bilingual electronic dictionaries contain collections of lexical entries in two languages, with explicitly declared translation relations between such entries. Nevertheless, they are typically developed in isolation, in their own formats and accessible through proprietary APIs. In this paper we propose the use of Semantic Web techniques to make translations available on the Web to be consumed by other semantic enabled resources in a direct manner, based on standard languages and query means. In particular, we describe the conversion of the Apertium family of bilingual dictionaries and lexicons into RDF Resource Description Framework and how their data have been made accessible on the Web as linked data. As a result, all the converted dictionaries (many of them covering under-resourced languages) are connected among them and can be easily traversed from one to another to obtain, for instance, translations between language pairs not originally connected in any of the original dictionaries.
</abstract>  
<pages>231-240</pages>
<year>2018</year>
<volume>9</volume>
<journal>Semantic Web</journal>
<number>2</number>
<ee>https://doi.org/10.3233/SW-170258</ee>
<url>db/journals/semweb/semweb9.html#GraciaVGB18</url>
</article>
</dblp>
