<?xml version="1.0" encoding="US-ASCII"?>
<dblp>
<article key="journals/semweb/HamonGM17" mdate="2017-05-20">
<author>Thierry Hamon</author>
<author>Natalia Grabar</author>
<author>Fleur Mougin</author>
<title>Querying biomedical Linked Data with natural language questions.</title>
<abstract>
<introduction>
Recent and intensive research in the biomedical area enabled to accumulate and disseminate biomedical knowledge through various knowledge bases increasingly available on the Web. The exploitation of this knowledge requires to create links between these bases and to use them jointly. Linked Data, the SPARQL language and interfaces in natural language question answering provide interesting solutions for querying such knowledge bases. However, while using biomedical Linked Data is crucial, life-science researchers may have difficulties using the SPARQL language. Interfaces based on natural language question answering are recognized to be suitable for querying knowledge bases. In this paper, we propose a method for translating natural language questions into SPARQL queries. 
</introduction>
<method>
We use Natural Language Processing tools, semantic resources and RDF triple descriptions. We designed a four-step method which allows to linguistically and semantically annotate questions, to perform an abstraction of these questions, then to build a representation of the SPARQL queries, and finally to generate the queries. The method is designed on 50 questions over three biomedical knowledge bases used in the task 2 of the QALD-4 challenge framework and evaluated on 27 new questions. 
</method>
<results>
It achieves good performance with 0.78 F-measure on the test set. The method for translating questions into SPARQL queries is implemented as a Perl module and is available at http://search.cpan.org/~thhamon/RDF-NLP-SPARQLQuery/. 
</results>
</abstract>
<pages>581-599</pages>
<year>2017</year>
<volume>8</volume>
<journal>Semantic Web</journal>
<number>4</number>
<ee>https://doi.org/10.3233/SW-160244</ee>
<url>db/journals/semweb/semweb8.html#HamonGM17</url>
</article></dblp>
