<?xml version="1.0" encoding="US-ASCII"?>
<dblp>
<article key="journals/semweb/HoffnerWMULN17" mdate="2017-08-17">
<author>Konrad H&#246;ffner</author>
<author>Sebastian Walter</author>
<author>Edgard Marx</author>
<author>Ricardo Usbeck</author>
<author>Jens Lehmann</author>
<author>Axel-Cyrille Ngonga Ngomo</author>
<title>Survey on challenges of Question Answering in the Semantic Web.</title>
<abstract> 
<introduction>

Semantic Question Answering (SQA) removes two major access requirements to the Semantic Web: the mastery of a formal query language like SPARQL and knowledge of a specific vocabulary. Because of the complexity of natural language, SQA presents difficult challenges and many research opportunities. Instead of a shared effort, however, many essential components are redeveloped, which is an inefficient use of researcher�s time and resources.</introduction>
<method> 

This survey analyzes 62 different SQA systems, which are systematically and manually selected using predefined inclusion and exclusion criteria, leading to 72 selected publications out of 1960 candidates. 
</method>  
<discussion_conclusion>
We identify common challenges, structure solutions, and provide recommendations for future systems. This work is based on publications from the end of 2010 to July 2015 and is also compared to older but similar surveys. </discussion_conclusion>
</abstract> 
<pages>895-920</pages>
<year>2017</year>
<volume>8</volume>
<journal>Semantic Web</journal>
<number>6</number>
<ee>https://doi.org/10.3233/SW-160247</ee>
<url>db/journals/semweb/semweb8.html#HoffnerWMULN17</url>
</article>
</dblp>
