<?xml version="1.0" encoding="US-ASCII"?>
<dblp>
<article key="journals/semweb/HoffnerML16" mdate="2018-01-02">
<author>Konrad H&#246;ffner</author>
<author>Michael Martin 0001</author>
<author>Jens Lehmann</author>
<title>LinkedSpending: OpenSpending becomes Linked Open Data.</title>
<abstract> 
<introduction>

There is a high public demand to increase transparency in government spending. Open spending data has the power to reduce corruption by increasing accountability and strengthens democracy because voters can make better informed decisions. An informed and trusting public also strengthens the government itself because it is more likely to commit to large projects. OpenSpending.org is a an open platform that provides public finance data from governments around the world. 
</introduction>
<method> 

In this article, we present its RDF conversion LinkedSpending which provides more than five million planned and carried out financial transactions in 627 data sets from all over the world from 2005 to 2035 as Linked Open Data. This data is represented in the RDF Data Cube vocabulary and is freely available and openly licensed.
</method> 
</abstract>  
<pages>95-104</pages>
<year>2016</year>
<volume>7</volume>
<journal>Semantic Web</journal>
<number>1</number>
<ee>https://doi.org/10.3233/SW-150172</ee>
<url>db/journals/semweb/semweb7.html#HoffnerML16</url>
</article></dblp>
