<?xml version="1.0" encoding="US-ASCII"?>
<dblp>
<article key="journals/semweb/HoganHJ16" mdate="2017-06-08">
<author orcid="0000-0001-9482-1982">Aidan Hogan</author>
<author>Pascal Hitzler</author>
<author>Krzysztof Janowicz</author>
<title>Linked Dataset description papers at the Semantic Web journal: A critical assessment.</title>
<abstract>
<introduction>

Since 2012, the Semantic Web journal has been accepting papers in a novel Linked Dataset description track. 
</introduction>
<method> 


Here we motivate the track and provide some analysis of the papers accepted thus far. We look at the ratio of accepted papers in this time-frame that fall under this track, the relative impact of these papers in terms of citations, and we perform a technical analysis of the datasets they describe to see what sorts of resources they provide and to see if the datasets have remained available since publication. 
</method> 
<discussion_conclusion>
Based on a variety of such analyses, we present some lessons learnt and discuss some potential changes we could apply to the track in order to improve the overall quality of papers accepted.
</discussion_conclusion>
</abstract>
<pages>105-116</pages>
<year>2016</year>
<volume>7</volume>
<journal>Semantic Web</journal>
<number>2</number>
<ee>https://doi.org/10.3233/SW-160216</ee>
<url>db/journals/semweb/semweb7.html#HoganHJ16</url>
</article></dblp>
