<?xml version="1.0" encoding="US-ASCII"?>
<dblp>
<article key="journals/semweb/HorridgeB11" mdate="2017-06-08">
<author>Matthew Horridge</author>
<author orcid="0000-0002-5872-3573">Sean Bechhofer</author>
<title>The OWL API: A Java API for OWL ontologies.</title>
<abstract> 
<introduction>
We present the OWL API, a high level Application Programming Interface (API) for working with OWL ontologies. The OWL API is closely aligned with the OWL 2 structural specification. It supports parsing and rendering in the syntaxes defined in the W3C specification (Functional Syntax, RDF/XML, OWL/XML and the Manchester OWL Syntax); manipulation of ontological structures; and the use of reasoning engines. 
</introduction>
<method> 

The reference implementation of the OWL API, written in Java, includes validators for the various OWL 2 profiles � OWL 2 QL, OWL 2 EL and OWL 2 RL. </method> 
<discussion_conclusion>
The OWL API has widespread usage in a variety of tools and applications. </discussion_conclusion>
</abstract> 
<pages>11-21</pages>
<year>2011</year>
<volume>2</volume>
<journal>Semantic Web</journal>
<number>1</number>
<ee>https://doi.org/10.3233/SW-2011-0025</ee>
<url>db/journals/semweb/semweb2.html#HorridgeB11</url>
</article></dblp>
