<?xml version="1.0" encoding="US-ASCII"?>
<dblp>
<article key="journals/semweb/HothoS10" mdate="2017-05-20">
<author>Andreas Hotho</author>
<author>Gerd Stumme</author>
<title>Towards the ubiquitous Web.</title>
<abstract> 
<introduction>
 Today, we observe the amalgamation of the Social Web and the Mobile Web, which will ultimately lead to a Ubiquitous Web. The integration and aggregation of the different kinds of available data, and the extraction of useful knowledge and its representation has become an important challenge for researchers from the Semantic Web, Web 2.0, social network analysis and machine learning communities. 
</introduction>
<method> 


We discuss the Ubiquitous Web vision, by addressing the challenge of bridging the gap between Web 2.0 and the Semantic Web, before widening the scope to mobile applications.
</method> 
</abstract> 
<pages>117-119</pages>
<year>2010</year>
<volume>1</volume>
<journal>Semantic Web</journal>
<number>1-2</number>
<ee>https://doi.org/10.3233/SW-2010-0024</ee>
<url>db/journals/semweb/semweb1.html#HothoS10</url>
</article></dblp>
