<?xml version="1.0" encoding="US-ASCII"?>
<dblp>
<article key="journals/semweb/Hyvonen10" mdate="2017-06-14">
<author orcid="0000-0003-1695-5840">Eero Hyv&#246;nen</author>
<title>Preventing ontology interoperability problems instead of solving them.</title>
<abstract> 
<introduction>

A major source of interoperability problems on the Semantic Web are the different vocabularies used in metadata descriptions. 
</introduction>
<method> 

This paper argues that instead of solving interoperability problems we should focus more effort on avoiding the problems in the first place, in the spirit of Albert Einstein's quote �Intellectuals solve problems, geniuses prevent them�. For this purpose, coordinated collaborative development of open source vocabularies and centralized publication of them as public vocabulary services are proposed. Methods, guidelines, and tools to facilitate this have been developed on a national level in the Finnish FinnONTO initiative, and are now in pilot use with applications and promising first results
</method> 
</abstract> 
<pages>33-37</pages>
<year>2010</year>
<volume>1</volume>
<journal>Semantic Web</journal>
<number>1-2</number>
<ee>https://doi.org/10.3233/SW-2010-0014</ee>
<url>db/journals/semweb/semweb1.html#Hyvonen10</url>
</article></dblp>
