<?xml version="1.0" encoding="US-ASCII"?>
<dblp>
<article key="journals/semweb/IsaacH13" mdate="2017-05-20">
<author>Antoine Isaac</author>
<author>Bernhard Haslhofer</author>
<title>Europeana Linked Open Data - data.europeana.eu.</title>
<abstract> 
<introduction>
Europeana is a single access point to millions of books, paintings, films, museum objects and archival records that have been digitized throughout Europe. The data.europeana.eu Linked Open Data pilot dataset contains open metadata on approximately 2.4 million texts, images, videos and sounds gathered by Europeana. All metadata are released under Creative Commons CC0 and therefore dedicated to the public domain. 

</introduction>
<method> 
The metadata follow the Europeana Data Model and clients can access data either by dereferencing URIs, downloading data dumps, or executing SPARQL queries against the dataset. They can also follow the links to external linked data sources, such as the Swedish cultural heritage aggregator (SOCH), GeoNames, the GEMET thesaurus, or DBPedia.

</method> 
</abstract>  
<pages>291-297</pages>
<year>2013</year>
<volume>4</volume>
<journal>Semantic Web</journal>
<number>3</number>
<ee>https://doi.org/10.3233/SW-120092</ee>
<url>db/journals/semweb/semweb4.html#IsaacH13</url>
</article></dblp>
