<?xml version="1.0" encoding="US-ASCII"?>
<dblp>
<article key="journals/semweb/Janowicz10" mdate="2017-05-20">
<author>Krzysztof Janowicz</author>
<title>The role of space and time for knowledge organization on the Semantic Web.</title>
<abstract> 
<introduction>
Space and time have not received much attention on the Semantic Web so far. While their importance has been recognized recently, existing work reduces them to simple latitude-longitude pairs and time stamps. 

</introduction>
<method> 


In contrast, we argue that space and time are fundamental ordering relations for knowledge organization, representation, and reasoning. While most research on Semantic Web reasoning has focused on thematic aspects, this paper argues for a unified view combining a spatial, temporal, and thematic component. Besides their impact on the representation of and reasoning about individuals and classes, we outline the role of space and time for ontology modularization, evolution, and the handling of vague and contradictory knowledge. 
</method> 
<discussion_conclusion>
Instead of proposing yet another specific methodology, the presented work illustrates the relevance of space and time using various examples from the geo-sciences. 
</discussion_conclusion>
</abstract> 
<pages>25-32</pages>
<year>2010</year>
<volume>1</volume>
<journal>Semantic Web</journal>
<number>1-2</number>
<ee>https://doi.org/10.3233/SW-2010-0001</ee>
<url>db/journals/semweb/semweb1.html#Janowicz10</url>
</article></dblp>
