<?xml version="1.0" encoding="US-ASCII"?>
<dblp>
<article key="journals/semweb/JanowiczH12" mdate="2017-05-20">
<author>Krzysztof Janowicz</author>
<author>Pascal Hitzler</author>
<title>The Digital Earth as knowledge engine.</title>
<abstract>
<introduction>
The Digital Earth [13] aims at developing a digital representation of the planet. It is motivated by the need for integrating and interlinking vast geo-referenced, multi-thematic, and multi-perspective knowledge archives that cut through domain boundaries. Complex scientific questions cannot be answered from within one domain alone but span over multiple scientific disciplines. For instance, studying disease dynamics for prediction and policy making requires data and models from a diverse body of science ranging from medical science and epidemiology over geography and economics to mining the social Web. The na�ve assumption that such problems can simply be addressed by more data with a higher spatial, temporal, and thematic resolution fails as long as this more on data is not supported by more knowledge on how to combine and interpret the data. This makes semantic interoperability a core research topic of data-intensive science. While the Digital Earth vision includes processing services, it is, at its very core, a data archive and infrastructure. 

</introduction>
<method> 
We propose to redefine the Digital Earth as a knowledge engine and discuss what the Semantic Web has to offer in this context and to Big Data in general.
</method> 
</abstract>
<pages>213-221</pages>
<year>2012</year>
<volume>3</volume>
<journal>Semantic Web</journal>
<number>3</number>
<ee>https://doi.org/10.3233/SW-2012-0070</ee>
<url>db/journals/semweb/semweb3.html#JanowiczH12</url>
</article></dblp>
