<?xml version="1.0" encoding="US-ASCII"?>
<dblp>
<article key="journals/semweb/JanowiczHAKV14" mdate="2017-05-20">
<author>Krzysztof Janowicz</author>
<author>Pascal Hitzler</author>
<author>Benjamin Adams</author>
<author>Dave Kolas</author>
<author>Charles Vardeman</author>
<title>Five stars of Linked Data vocabulary use.</title>
<abstract> 
<introduction>

In 2010 Tim Berners-Lee introduced a 5 star rating to his Linked Data design issues page to encourage data publishers along the road to good Linked Data. What makes the star rating so effective is its simplicity, clarity, and a pinch of psychology � is your data 5 star? While there is an abundance of 5 star Linked Data available today, finding, querying, and integrating/interlinking these data is, to say the least, difficult. 

</introduction>
<method> While the literature has largely focused on describing datasets, e.g., by adding provenance information, or interlinking them, e.g., by co-reference resolution tools, we would like to take Berners-Lee's original proposal to the next level by introducing a 5 star rating for Linked Data vocabulary use. 
</method> </abstract> 
<pages>173-176</pages>
<year>2014</year>
<volume>5</volume>
<journal>Semantic Web</journal>
<number>3</number>
<ee>https://doi.org/10.3233/SW-140135</ee>
<url>db/journals/semweb/semweb5.html#JanowiczHAKV14</url>
</article></dblp>
