<?xml version="1.0" encoding="US-ASCII"?>
<dblp>
<article key="journals/semweb/JanowiczSPH12" mdate="2017-05-20">
<author>Krzysztof Janowicz</author>
<author>Simon Scheider</author>
<author>Todd Pehle</author>
<author>Glen Hart</author>
<title>Geospatial semantics and linked spatiotemporal data - Past, present, and future.</title>
<abstract>
<introduction>
The Geosciences and Geography are not just yet another application area for semantic technologies. The vast heterogeneity of the involved disciplines ranging from the natural sciences to the social sciences introduces new challenges in terms of interoperability. Moreover, the inherent spatial and temporal information components also require distinct semantic approaches. For these reasons, geospatial semantics, geo-ontologies, and semantic interoperability have been active research areas over the last 20 years. The geospatial semantics community has been among the early adopters of the Semantic Web, contributing methods, ontologies, use cases, and datasets. Today, geographic information is a crucial part of many central hubs on the Linked Data Web. 
</introduction>
<method> 
In this editorial, we outline the research field of geospatial semantics, highlight major research directions and trends, and glance at future challenges. 
</method> 
<discussion_conclusion>
We hope that this text will be valuable for geoscientists interested in semantics research as well as knowledge engineers interested in spatiotemporal data.
</discussion_conclusion></abstract>
<pages>321-332</pages>
<year>2012</year>
<volume>3</volume>
<journal>Semantic Web</journal>
<number>4</number>
<ee>https://doi.org/10.3233/SW-2012-0077</ee>
<url>db/journals/semweb/semweb3.html#JanowiczSPH12</url>
</article></dblp>
