<?xml version="1.0" encoding="US-ASCII"?>
<dblp>
<article key="journals/semweb/JeremicJG13" mdate="2017-05-20">
<author>Zoran Jeremic</author>
<author>Jelena Jovanovic</author>
<author>Dragan Gasevic</author>
<title>Personal learning environments on the Social Semantic Web.</title>
<abstract> 
<introduction>Today's students, being used to constant activity and multitasking in their everyday life, need a high level of social and creative engagement in order to learn; for them, highly interactive learning environments which allow for communication, collaboration, and authoring, are a must. In addition, modern learning theories stress the importance of interactivity and engagement of students for successful learning processes, whereas recent empirical studies provide evidence and confirm this. 
</introduction>
<method> 
In this paper, we present how the integration of Social and Semantic Web technologies, often referred to as the Social Semantic Web (SSW), along with the Linked Data paradigm offer potentials for improving the interactivity of today's learning environments, while putting students in control of their learning process spanning across different tools and services. 
</method>
<discussion_conclusion>
We identify the main principles on which such SSW-supported personal learning environments are based, and illustrate them through the design, implementation, analysis, and evaluation of DEPTHS (DEsign Patterns Teaching Help System) � a SSW-based interactive personal learning environment we have developed for the domain of software design patterns. </discussion_conclusion></abstract> 
<pages>23-51</pages>
<year>2013</year>
<volume>4</volume>
<journal>Semantic Web</journal>
<number>1</number>
<ee>https://doi.org/10.3233/SW-2012-0058</ee>
<url>db/journals/semweb/semweb4.html#JeremicJG13</url>
</article></dblp>
