<?xml version="1.0" encoding="US-ASCII"?>
<dblp>
<article key="journals/semweb/JosephKMS16" mdate="2017-05-20">
<author>Mathew Joseph</author>
<author>Gabriel M. Kuper</author>
<author>Till Mossakowski</author>
<author>Luciano Serafini</author>
<title>Query answering over contextualized RDF/OWL knowledge with forall-existential bridge rules: Decidable finite extension classes.</title>
<abstract>
<introduction>
The proliferation of contextualized knowledge in the Semantic Web (SW) has led to the popularity of knowledge formats such as quads in the SW community. A quad is an extension of RDF triple with the contextual information of the triple. We in this paper, study the problem of query answering over quads augmented with forall-existential bridge rules that enable interoperability of reasoning between the triples in various contexts. 
</introduction>
<method>
We call a set of quads together with such expressive bridge rules, a quad-system. Query answering over quad-systems is undecidable, in general. We derive decidable classes of quad-systems, for which query answering can be done using forward chaining. Sound, complete and terminating procedures, which are adaptations of the well known chase algorithm, are provided for these classes for deciding query entailment. Safe, msafe, and csafe class of quad-systems restrict the structure of blank nodes generated during the chase computation process to be directed acyclic graphs (DAGs) of bounded depth. RR and restricted RR classes do not allow the generation of blank nodes during the chase computation process. Both data and combined complexity of query entailment has been established for the classes derived. 
</method>
<results>
We further show that quad-systems are equivalent to forall-existential rules whose predicates are restricted to ternary arity, modulo polynomial time translations. We subsequently show that the technique of safety, strictly subsumes in expressivity, some of the well known and expressive techniques, such as joint acyclicity and model faithful acyclicity, used for decidability guarantees in the realm of forall-existential rules. 
</results>
</abstract>
<pages>25-61</pages>
<year>2016</year>
<volume>7</volume>
<journal>Semantic Web</journal>
<number>1</number>
<ee>https://doi.org/10.3233/SW-140169</ee>
<url>db/journals/semweb/semweb7.html#JosephKMS16</url>
</article></dblp>
