<?xml version="1.0" encoding="US-ASCII"?>
<dblp>
<article key="journals/semweb/KaljurandKC15" mdate="2017-06-08">
<author>Kaarel Kaljurand</author>
<author orcid="0000-0002-1267-0234">Tobias Kuhn</author>
<author>Laura Canedo</author>
<title>Collaborative multilingual knowledge management based on controlled natural language.</title>
<abstract> 
<introduction>
User interfaces are a critical aspect of semantic knowledge representation systems, as users have to understand and use a formal representation language to model a particular domain of interest, which is known to be a difficult task. Things are even more challenging in a multilingual setting, where users speaking different languages have to create a multilingual ontology. 
</introduction>
<method> 
To address these problems, we introduce a semantic wiki system that is based on controlled natural language to provide an intuitive yet formal interface. We use a well-defined subset of Attempto Controlled English (ACE) implemented in Grammatical Framework to automatically produce precise bidirectional translations between ACE and language fragments of a number of other natural languages, making the wiki content accessible multilingually. Because ACE has a partial but deterministic mapping to the Web Ontology Language, our wiki engine can offer automatic reasoning and question answering on the wiki content. Users speaking different languages can therefore build, query, and view a common knowledge base in their own language. 
</method> 
<results>
We present the results of a user evaluation where participants using different languages were asked to write and assess statements about European geography. Our results show that users reach a high level of consensus, which is not negatively affected by the presence of automatic translation. 
</results>
</abstract> 
<pages>241-258</pages>
<year>2015</year>
<volume>6</volume>
<journal>Semantic Web</journal>
<number>3</number>
<ee>https://doi.org/10.3233/SW-140152</ee>
<url>db/journals/semweb/semweb6.html#KaljurandKC15</url>
</article></dblp>
