<?xml version="1.0" encoding="US-ASCII"?>
<dblp>
<article key="journals/semweb/KamdarTM17" mdate="2017-08-17">
<author>Maulik R. Kamdar</author>
<author>Tania Tudorache</author>
<author>Mark A. Musen</author>
<title>A systematic analysis of term reuse and term overlap across biomedical ontologies.</title>
<abstract>
<introduction>
Reusing ontologies and their terms is a principle and best practice that most ontology development methodologies strongly encourage. Reuse comes with the promise to support the semantic interoperability and to reduce engineering costs. In this paper we present a descriptive study of the current extent of term reuse and overlap among biomedical ontologies. </introduction>
<method>
We use the corpus of biomedical ontologies stored in the BioPortal repository and analyze different types of reuse and overlap constructs. 
</method>
<results>
While we find an approximate term overlap between 2531% the term reuse is only fewer than 9% with most ontologies reusing fewer than 5% of their terms from a small set of popular ontologies. Clustering analysis shows that the terms reused by a common set of ontologies have greater than 90% semantic similarity hinting that ontology developers tend to reuse terms that are sibling or parentchild nodes. We validate this finding by analyzing the logs generated from a Protege plugin that enables developers to reuse terms from BioPortal. 
</results>
<discussion_conclusion>
We find most reuse constructs were 2-level subtrees on the higher levels of the class hierarchy. 
We developed a Web application that visualizes reuse dependencies and overlap among ontologies and that proposes similar terms from BioPortal for a term of interest. We also identified a set of error patterns that indicate that ontology developers did intend to reuse terms from other ontologies but that they were using different and sometimes incorrect representations. Our results stipulate the need for semi-automated tools that augment term reuse in the ontology engineering process through personalized recommendations.
</discussion_conclusion>
</abstract>
<pages>853-871</pages>
<year>2017</year>
<volume>8</volume>
<journal>Semantic Web</journal>
<number>6</number>
<ee>https://doi.org/10.3233/SW-160238</ee>
<url>db/journals/semweb/semweb8.html#KamdarTM17</url>
</article>
</dblp>
