<?xml version="1.0" encoding="US-ASCII"?>
<dblp>
<article key="journals/semweb/KesslerdD13" mdate="2017-06-14">
<author>Carsten Ke&#223;ler</author>
<author orcid="0000-0001-7276-4702">Mathieu d'Aquin</author>
<author>Stefan Dietze</author>
<title>Linked Data for science and education.</title>
<pages>1-2</pages>
<year>2013</year>
<volume>4</volume>
<journal>Semantic Web</journal>
<number>1</number>
<ee>https://doi.org/10.3233/SW-120091</ee>
<url>db/journals/semweb/semweb4.html#KesslerdD13</url>
</article></dblp>
