<?xml version="1.0" encoding="US-ASCII"?>
<dblp>

<article key="journals/semweb/KhaliliA15" mdate="2017-06-14">

<author orcid="0000-0002-8874-6485">Ali Khalili</author>

<author>S&#246;ren Auer</author>

<title>WYSIWYM - Integrated visualization, exploration and authoring of semantically enriched un-structured content.</title>

<abstract><introduction> The Semantic Web and Linked Data gained traction in the last years. However, the majority of information still is contained in unstructured documents. This can also not be expected to change, since text, images and videos are the natural way how humans interact with information. Semantic structuring on the other hand enables the (semi-)automatic integration, repurposing, rearrangement of information. NLP technologies and formalisms for the integrated representation of unstructured and semantic content (such as RDFa and Microdata) aim at bridging this semantic gap. However, in order for humans to truly benefit from this integration, we need ways to author, visualize and explore unstructured and semantically enriched content in an integrated manner. 
</introduction>
<method>
In this paper, we present the WYSIWYM (What You See is What You Mean) concept, which addresses this issue and formalizes the binding between semantic representation models and UI elements for authoring, visualizing and exploration. 
</method> <discussion_conclusion>
With RDFaCE, Pharmer and conTEXT we present and evaluate three complementary showcases implementing the WYSIWYM concept for different application domains.</discussion_conclusion></abstract>
<pages>259-275</pages>

<year>2015</year>

<volume>6</volume>

<journal>Semantic Web</journal>

<number>3</number>

<ee>https://doi.org/10.3233/SW-140157</ee>

<url>db/journals/semweb/semweb6.html#KhaliliA15</url>

</article>
</dblp>
