<?xml version="1.0" encoding="US-ASCII"?>

<dblp>

<article key="journals/semweb/KhroufT16" mdate="2017-05-20">

<author>Houda Khrouf</author>

<author>Rapha&#235;l Troncy</author>

<title>EventMedia: A LOD dataset of events illustrated with media.</title>

<abstract>  <introduction>An ever increasing amount of event-centric knowledge is spread over multiple web sites, either materialized as calendar of past and upcoming events or illustrated by cross-media items. 
</introduction>
<method>
This opens an opportunity to create an infrastructure unifying event-centric information derived from event directories, media platforms and social networks. In order to create such infrastructure, EventMedia relies on Semantic Web technologies that ensures seamless aggregation and integration of disparate data sources, some of which overlap in their coverage. In this paper, we present the EventMedia dataset composed of events descriptions associated with media and interlinked with the Linked Open Data cloud. 
</method> <discussion_conclusion>
We describe how data has been extracted, converted, interlinked and published following the best practices of the Semantic Web.</discussion_conclusion></abstract>
<pages>193-199</pages>

<year>2016</year>

<volume>7</volume>

<journal>Semantic Web</journal>

<number>2</number>

<ee>https://doi.org/10.3233/SW-150184</ee>
<url>db/journals/semweb/semweb7.html#KhroufT16</url>

</article>
</dblp>
