<?xml version="1.0" encoding="US-ASCII"?>

<dblp>

<article key="journals/semweb/KirraneMD17" mdate="2017-06-14">

<author>Sabrina Kirrane</author>

<author>Alessandra Mileo</author>

<author orcid="0000-0001-6324-7164">Stefan Decker</author>

<title>Access control and the Resource Description Framework: A survey.</title>

<abstract><introduction>In recent years we have seen significant advances in the technology used to both publish and consume structured data using the existing web infrastructure, commonly referred to as the Linked Data Web. However, in order to support the next generation of e-business applications on top of Linked Data suitable forms of access control need to be put in place. 
</introduction>
<method>
This paper provides an overview of the various access control models, standards and policy languages, and the different access control enforcement strategies for the Resource Description Framework (the data model underpinning the Linked Data Web). 
</method> <discussion_conclusion>
A set of access control requirements that can be used to categorise existing access control strategies is proposed and a number of challenges that still need to be overcome are identified.</discussion_conclusion></abstract>
<pages>311-352</pages>

<year>2017</year>

<volume>8</volume>

<journal>Semantic Web</journal>

<number>2</number>

<ee>https://doi.org/10.3233/SW-160236</ee>

<url>db/journals/semweb/semweb8.html#KirraneMD17</url>

</article>
</dblp>
