<?xml version="1.0" encoding="US-ASCII"?>

<dblp>

<article key="journals/semweb/KlessJM15" mdate="2017-05-20">

<author>Daniel Kless</author>

<author>Ludger Jansen</author>

<author>Simon K. Milton</author>

<title>A content-focused method for re-engineering thesauri into semantically adequate ontologies using OWL.</title>

<abstract><introduction>The re-engineering of vocabularies into ontologies can save considerable time in the development of ontologies. Current methods that guide the re-engineering of thesauri into ontologies often convert vocabularies merely syntactically and ignore problems arising from interpreting vocabularies as ontologies, i.e. as sets of statements of facts. Current re-engineering methods also do not make use of the semantic capabilities of formal languages in order to detect logical mistakes and improve vocabularies. 
</introduction><method>
In this paper, we introduce a content-focused method for building domain-specific ontologies based on a thesaurus, a popular type of vocabulary. Application of the method results in an ontology that not only adheres to the semantics of the description logic OWL, but also contains a semantically rich description of the modeled entities, enables non-trivial, automated reasoning, and can be integrated with other ontologies following the same development principles. 

</method> <discussion_conclusion>
We explain the motivation and sub-activities for each of the steps in our method and illustrate their application through a case study in the domain of agricultural fertilizers based on the ACROVOC Thesaurus. Our method shows, first and foremost, that a considerable manual effort is required to derive a semantically rich ontology from a thesaurus, particularly in connection with the alignment to a top-level ontology as well as for the identification and formal specification of membership conditions. Applying our method will likely change the structure of a thesaurus considerably. Our method is particularly useful where a highly reliable is-a hierarchy or consistent definitions are crucial.</discussion_conclusion></abstract>
<pages>543-576</pages>

<year>2016</year>

<volume>7</volume>

<journal>Semantic Web</journal>

<number>5</number>

<ee>https://doi.org/10.3233/SW-150194</ee>
<url>db/journals/semweb/semweb7.html#KlessJM15</url>

</article>
</dblp>
