<?xml version="1.0" encoding="US-ASCII"?>

<dblp>

<article key="journals/semweb/KolliaTDS12" mdate="2017-05-20">

<author>Ilianna Kollia</author>

<author>Vassilis Tzouvaras</author>

<author>Nasos Drosopoulos</author>

<author>Giorgos B. Stamou</author>

<title>A systemic approach for effective semantic access to cultural content.</title>

<abstract> <introduction>A large on-going activity for digitization, dissemination and preservation of cultural heritage is taking place in Europe and the United States, which involves all types of cultural institutions, i.e., galleries, libraries, museums, archives and all types of cultural content. The development of Europeana, as a single point of access to European Cultural Heritage, has probably been the most important result of the activities in the field till now. Semantic interoperability is a key issue in these developments. 
</introduction>
<method> 
This paper presents a system that provides content providers and users with the ability to map, in an effective way, their own metadata schemas to common domain standards and the Europeana (ESE, EDM) data models. 
Based on these mappings, semantic enrichment and query answering techniques are proposed as a means for providing effective access of users to digital cultural heritage. 

</method><discussion_conclusion>An experimental study is presented involving content from national and thematic content aggregators in Europeana, which illustrates the proposed system capabilities.</discussion_conclusion></abstract>
<pages>65-83</pages>

<year>2012</year>

<volume>3</volume>

<journal>Semantic Web</journal>

<number>1</number>

<ee>https://doi.org/10.3233/SW-2012-0051</ee>

<url>db/journals/semweb/semweb3.html#KolliaTDS12</url>

</article>
</dblp>
