<?xml version="1.0" encoding="US-ASCII"?>

<dblp>

<article key="journals/semweb/KonigLMT15" mdate="2017-05-20">

<author>M&#233;lanie K&#246;nig</author>

<author>Michel Lecl&#232;re</author>

<author>Marie-Laure Mugnier</author>

<author>Micha&#235;l Thomazo</author>

<title>Sound, complete and minimal UCQ-rewriting for existential rules.</title>
<abstract>
<introduction>
We address the issue of Ontology-Based Data Access, with ontologies represented in the framework of existential rules, also known as Datalog�. 
</introduction>
<method> 
A well-known approach involves rewriting the query using ontological knowledge. We focus here on the basic rewriting technique which consists of rewriting the initial query into a union of conjunctive queries. First, we study a generic breadth-first rewriting algorithm, which takes any rewriting operator as a parameter, and define properties of rewriting operators that ensure the correctness of the algorithm. Then, we focus on piece-unifiers, which provide a rewriting operator with the desired properties. 
</method> <discussion_conclusion>
Finally, we propose an implementation of this framework and report some experiments.</discussion_conclusion></abstract>
<pages>451-475</pages>

<year>2015</year>

<volume>6</volume>

<journal>Semantic Web</journal>

<number>5</number>

<ee>https://doi.org/10.3233/SW-140153</ee>

<url>db/journals/semweb/semweb6.html#KonigLMT15</url>

</article>
</dblp>
