<?xml version="1.0" encoding="US-ASCII"?>

<dblp>

<article key="journals/semweb/KoutsomitropoulosHP12" mdate="2017-05-20">

<author>Dimitrios A. Koutsomitropoulos</author>

<author>Eero Hyv&#246;nen</author>

<author>Theodore S. Papatheodorou</author>

<title>Semantic Web and reasoning for cultural heritage and digital libraries.</title>
<pages>1</pages>

<year>2012</year>

<volume>3</volume>

<journal>Semantic Web</journal>

<number>1</number>

<ee>https://doi.org/10.3233/SW-2012-0050</ee>

<url>db/journals/semweb/semweb3.html#KoutsomitropoulosHP12</url>

</article>
</dblp>
