<?xml version="1.0" encoding="US-ASCII"?>

<dblp>

<article key="journals/semweb/KrotzschRS15" mdate="2017-06-14">

<author orcid="0000-0002-9172-2601">Markus Kr&#246;tzsch</author>

<author orcid="0000-0002-1609-2080">Sebastian Rudolph</author>

<author>Peter H. Schmitt</author>

<title>A closer look at the semantic relationship between Datalog and description logics.</title>
<abstract> <introduction>Translations to (first-order) Datalog have been used in a number of inferencing techniques for description logics (DLs), yet the relationship between the semantic expressivities of function-free Horn logic and DL is understood only poorly. Although Description Logic Programs (DLP) have been described as DLs in the �expressive intersection� of DL and Datalog, it is unclear what an intersection of two syntactically incomparable logics is, even if both have a first-order logic semantics. 
</introduction>
<method> 
In this work, we offer a characterisation for DL fragments that can be expressed, in a concrete sense, in Datalog. 
</method> <discussion_conclusion>
We then determine the largest such fragment for the DL ?????, and provide an outlook on the extension of our methods to more expressive DLs. </discussion_conclusion></abstract> 
<pages>63-79</pages>

<year>2015</year>

<volume>6</volume>

<journal>Semantic Web</journal>

<number>1</number>

<ee>https://doi.org/10.3233/SW-130126</ee>

<url>db/journals/semweb/semweb6.html#KrotzschRS15</url>

</article>
</dblp>
