<?xml version="1.0" encoding="US-ASCII"?>
<dblp>
<article key="journals/semweb/MaierMH13" mdate="2017-05-20">
<author>Frederick Maier</author>
<author>Yue Ma</author>
<author>Pascal Hitzler</author>
<title>Paraconsistent OWL and related logics.</title>

<abstract><introduction>The Web Ontology Language OWL is currently the most prominent formalism for representing ontologies in Semantic Web applications. OWL is based on description logics, and automated reasoners are used to infer knowledge implicitly present in OWL ontologies. However, because typical description logics obey the classical principle of explosion, reasoning over inconsistent ontologies is impossible in OWL. This is so despite the fact that inconsistencies are bound to occur in many realistic cases, e.g., when multiple ontologies are merged or when ontologies are created by machine learning or data mining tools. In this paper, we present four-valued paraconsistent description logics which can reason over inconsistencies. We focus on logics corresponding to OWL DL and its profiles. 
</introduction>
<method> 
We present the logic $\mathcal {SROIQ}4$, showing that it is both sound relative to classical $\mathcal {SROIQ}$ and that its embedding into $\mathcal {SROIQ}$ is consequence preserving. We also examine paraconsistent varieties of $\mathcal{EL}^{++}$, DL-Lite, and Horn-DLs. 
</method> 
<discussion_conclusion>
The general framework described here has the distinct advantage of allowing classical reasoners to draw sound but nontrivial conclusions from even inconsistent knowledge bases. Truth-value gaps and gluts can also be selectively eliminated from models (by inserting additional axioms into knowledge bases). If gaps but not gluts are eliminated, additional classical conclusions can be drawn without affecting paraconsistency.</discussion_conclusion></abstract>
<pages>395-427</pages>
<year>2013</year>
<volume>4</volume>
<journal>Semantic Web</journal>
<number>4</number>
<ee>https://doi.org/10.3233/SW-2012-0066</ee>
<url>db/journals/semweb/semweb4.html#MaierMH13</url>
</article></dblp>
