<?xml version="1.0" encoding="US-ASCII"?>
<dblp>
<article key="journals/semweb/MakelaHH13" mdate="2017-06-08">
<author orcid="0000-0002-8366-8414">Eetu M&#228;kel&#228;</author>
<author>Kaisa Hyp&#233;n</author>
<author>Eero Hyv&#246;nen</author>
<title>Fiction literature as linked open data - The BookSampo dataset.</title>


<abstract<introduction>The BookSampo dataset provides information as linked data on fiction literature published in Finland going back to the 15th century, along with rich descriptions of both their content and context. The dataset contains data on nearly 400,000 subjects, including literary works, authors, book covers, reviews, awards, images, and movies, over 3 million triples in total. The data has been applied as the basis of the BookSampo portal in public use in Finland, and is aligned with the cross-domain cultural heritage contents and ontologies of CultureSampo, another in-use semantic portal. The data has been used to answer complex questions, such as what topics should one write about, if one wants to get a literary award (based on statistics). 
</introduction><method> 
The metadata was transformed into RDF from legacy library databases, then enriched manually by dozens of librarians in a Web 2.0 fashion in Finnish public libraries, and is constantly updated at a rate of some new 90,000 triples monthly.</abstract>
</method> 

<pages>299-306</pages>
<year>2013</year>
<volume>4</volume>
<journal>Semantic Web</journal>
<number>3</number>
<ee>https://doi.org/10.3233/SW-120093</ee>
<url>db/journals/semweb/semweb4.html#MakelaHH13</url>
</article></dblp>
