<?xml version="1.0" encoding="US-ASCII"?>
<dblp>
<article key="journals/semweb/MakelaHR12" mdate="2017-05-20">
<author>Eetu M&#228;kel&#228;</author>
<author>Eero Hyv&#246;nen</author>
<author>Tuukka Ruotsalo</author>
<title>How to deal with massively heterogeneous cultural heritage data - lessons learned in CultureSampo.</title>

<abstract> <introduction>This paper presents the CultureSampo system from the viewpoint of publishing heterogeneous linked data as a service. Discussed are the problems of converting legacy data into linked data, as well as the challenge of making the massively heterogeneous yet interlinked cultural heritage content interoperable on a semantic level. 
</introduction><discussion_conclusion>
In the approach described, the data is published not only for human use, but also as intelligent services for other computer systems that can then provide interfaces of their own for the linked data. As a concrete use case of using CultureSampo as a service, the BookSampo system for publishing Finnish fiction literature on the semantic web is presented.</abstract>
</discussion_conclusion>
<pages>85-109</pages>
<year>2012</year>
<volume>3</volume>
<journal>Semantic Web</journal>
<number>1</number>
<ee>https://doi.org/10.3233/SW-2012-0049</ee>
<url>db/journals/semweb/semweb3.html#MakelaHR12</url>
</article></dblp>
