<?xml version="1.0" encoding="US-ASCII"?>
<dblp>
<article key="journals/semweb/ManguinhasFMB12" mdate="2017-05-20">
<author>Hugo Manguinhas</author>
<author>Nuno Freire</author>
<author>Jorge Machado</author>
<author>Jos&#233; Luis Borbinha</author>
<title>Supporting multilingual bibliographic resource discovery with Functional Requirements for Bibliographic Records.</title>


<abstract><introduction>This paper describes an experiment exploring the hypothesis that innovative application of the Functional Requirements for Bibliographic Records (FRBR) principles can complement traditional bibliographic resource discovery systems in order to improve the user experience. A specialized service was implemented that, when given a plain list of results from a regular online catalogue, was able to process, enrich and present that list in a more relevant way for the user. This service pre-processes the records of a traditional online catalogue in order to build a semantic structure following the FRBR model. The service also explores web search features that have been revolutionizing the way users conceptualize resource discovery, such as relevance ranking and metasearching. This work was developed in the context of the TELPlus project. 
</introduction>
<method> 
We processed nearly one hundred thousand bibliographic and authority records, in multiple languages, and originating from twelve European national libraries. This paper describes the architecture of the service and the main challenges faced, especially concerning the extraction and linking of the relevant FRBR entities from the bibliographic metadata produced by the libraries. 
</method> 
<results>
The service was evaluated by end users, who filled out a questionnaire after using a traditional online catalogue and the new service, both with the same bibliographic collection. 
</results>
<discussion_conclusion>
The analysis of the results supports the hypothesis that FRBR can be implemented for resource discovery in a non-intrusive way, reusing the data of any existing traditional bibliographic system.
</discussion_conclusion></abstract>
<pages>3-21</pages>
<year>2012</year>
<volume>3</volume>
<journal>Semantic Web</journal>
<number>1</number>
<ee>https://doi.org/10.3233/SW-2012-0046</ee>
<url>db/journals/semweb/semweb3.html#ManguinhasFMB12</url>
</article></dblp>
