<?xml version="1.0" encoding="US-ASCII"?>
<dblp>
<article key="journals/semweb/MarcondesMC14" mdate="2017-05-20">
<author>Carlos Henrique Marcondes</author>
<author>Luciana Reis Malheiros</author>
<author>Leonardo Cruz da Costa</author>
<title>A semantic model for scholarly electronic publishing in Biomedical Sciences.</title>
<abstract> <introduction>
Despite numerous advancements in information technology, electronic publishing is still based on the print text model. The natural language textual format prevents programs from semantically processing article content. 
</introduction>
<method>
A semantic model for scholarly electronic publishing is proposed, in which the article conclusion is specified by the author and recorded in a machine-understandable format, enabling semantic retrieval, identification of traces of scientific discoveries and knowledge misunderstandings. 89 biomedical articles were analyzed for this purpose. A content model comprising semantic elements and their sequences in articles is developed. Four patterns of reasoning and sequencing of semantic elements were identified in the analyzed articles. 
</method><discussion_conclusion>
The development and testing of a prototype of a Web submission interface to an electronic journal system that partially implements the proposed model are reported. 
</discussion_conclusion></abstract> 
<pages>313-334</pages>
<year>2014</year>
<volume>5</volume>
<journal>Semantic Web</journal>
<number>4</number>
<ee>https://doi.org/10.3233/SW-130111</ee>
<url>db/journals/semweb/semweb5.html#MarcondesMC14</url>
</article></dblp>
