<?xml version="1.0" encoding="US-ASCII"?>
<dblp>
<article key="journals/semweb/MartinSFL14" mdate="2018-01-02">
<author>Michael Martin 0001</author>
<author>Claus Stadler</author>
<author>Philipp Frischmuth</author>
<author>Jens Lehmann</author>
<title>Increasing the financial transparency of European Commission project funding.</title>

<abstract> <introduction>The Financial Transparency System (FTS) of the European Commission contains information about grants for European Union projects starting from 2007. It allows users to get an overview on EU funding, including information on beneficiaries as well as the amount and type of expenditure and information on the responsible EU department. 
</introduction>
<method> 
The original dataset is freely available on the European Commission website, where users can query the data using an HTML form and download it in CSV and most recently XML format. In this article, we describe the transformation of this data to RDF and its interlinking with other datasets. 
</method> <discussion_conclusion>
We show that this allows interesting queries over the data, which were very difficult without this conversion. The main benefit of the dataset is an increased financial transparency of EU project funding. The RDF version of the FTS dataset will become part of the EU Open Data Portal and eventually be hosted and maintained by the European Union itself.
</discussion_conclusion></abstract>


<pages>157-164</pages>
<year>2014</year>
<volume>5</volume>
<journal>Semantic Web</journal>
<number>2</number>
<ee>https://doi.org/10.3233/SW-130116</ee>
<url>db/journals/semweb/semweb5.html#MartinSFL14</url>
</article></dblp>
