<?xml version="1.0" encoding="US-ASCII"?>
<dblp>
<article key="journals/semweb/MaueMR12" mdate="2017-05-20">
<author>Patrick Mau&#233;</author>
<author>Henry Michels</author>
<author>Marcell Roth</author>
<title>Injecting Semantic Annotations into (Geospatial) Web service descriptions.</title>

<abstract> <introduction>Geospatial Web services comply with well-established standards to support seamless integration into applications ranging from commercial Geographic Information Systems (GIS) to open source web mapping clients. Descriptions of service capabilities contain information about the provided data. Updates to the underlying database result in changing descriptions. To ensure compatibility with existing solutions, semantic enablement of Geospatial Web services has to reflect both, standards and changing metadata. 
</introduction>
<method> 
Semantic annotations link between legacy non-semantic Web service descriptions and their semantic counterparts. The open source Semantic Annotations Proxy (SAPR) is a light-weight RESTful API deployed as free service which �injects� semantic annotations into existing Web service descriptions without breaking the standards. 
</method> <discussion_conclusion>
This approach decouples the annotations from the original metadata, which ensures the separation of concerns between data providers and end users with different and sometimes conflicting views on annotations. In addition, the service is robust regarding changes of the service descriptions. The presented approach is focusing on W3C- and OGC-compliant Web services, but can be theoretically applied on any kind of information source with structured metadata.</discussion_conclusion></abstract>
.<pages>385-395</pages>
<year>2012</year>
<volume>3</volume>
<journal>Semantic Web</journal>
<number>4</number>
<ee>https://doi.org/10.3233/SW-2012-0061</ee>
<url>db/journals/semweb/semweb3.html#MaueMR12</url>
</article></dblp>
