<?xml version="1.0" encoding="US-ASCII"?>
<dblp>
<article key="journals/semweb/MazumdarPELC15" mdate="2017-05-20">
<author>Suvodeep Mazumdar</author>
<author>Daniela Petrelli</author>
<author>Khadija Elbedweihy</author>
<author>Vitaveska Lanfranchi</author>
<author>Fabio Ciravegna</author>
<title>Affective graphs: The visual appeal of Linked Data.</title>

<Abstract> <introduction>The essence and value of Linked Data lies in the ability of humans and machines to query, access and reason upon highly structured and formalised data. Ontology structures provide an unambiguous description of the structure and content of data. While a multitude of software applications and visualisation systems have been developed over the past years for Linked Data, there is still a significant gap that exists between applications that consume Linked Data and interfaces that have been designed with significant focus on aesthetics. Though the importance of aesthetics in affecting the usability, effectiveness and acceptability of user interfaces have long been recognised, little or no explicit attention has been paid to the aesthetics of Linked Data applications. 
</introduction>
<method>
In this paper, we introduce a formalised approach to developing aesthetically pleasing Semantic Web interfaces by following aesthetic principles and guidelines identified from literature. We apply such principles to design and develop a generic approach of using visualisations to support exploration of Linked Data, in an interface that is pleasing to users. This provides users with means to browse ontology structures, enriched with statistics of the underlying data, facilitating exploratory activities and enabling visual query for highly precise information needs. 
</method><discussion_conclusion>
We evaluated our approach in three ways: an initial objective evaluation comparing our approach with other well-known interfaces for the Semantic Web and two user evaluations with Semantic Web researchers.</discussion_conclusion></Abstract>

<pages>277-312</pages>
<year>2015</year>
<volume>6</volume>
<journal>Semantic Web</journal>
<number>3</number>
<ee>https://doi.org/10.3233/SW-140162</ee>
<url>db/journals/semweb/semweb6.html#MazumdarPELC15</url>
</article></dblp>
