<?xml version="1.0" encoding="US-ASCII"?>
<dblp>
<article key="journals/semweb/MazumdarPC14" mdate="2017-05-20">
<author>Suvodeep Mazumdar</author>
<author>Daniela Petrelli</author>
<author>Fabio Ciravegna</author>
<title>Exploring user and system requirements of linked data visualization through a visual dashboard approach.</title>




<Abstract> <introduction>One of the open problems in Semantic Web research is which tools should be provided to users to explore linked data. This is even more urgent now that massive amount of linked data is being released by governments worldwide. The development of single dedicated visualization applications is increasing, but the problem of exploring unknown linked data to gain a good understanding of what is contained is still open. 
</introduction>
<method> 
An effective generic solution must take into account the user's point of view, their tasks and interaction, as well as the system's capabilities and the technical constraints the technology imposes. This paper is a first step in understanding the implications of both, user and system by evaluating our dashboard-based approach. 
</method><discussion_conclusion>
Though we observe a high user acceptance of the dashboard approach, our paper also highlights technical challenges arising out of complexities involving current infrastructure that need to be addressed while visualizing linked data. In light of the findings, guidelines for the development of linked data visualization (and manipulation) are provided.</discussion_conclusion></Abstract> 
<pages>203-220</pages>
<year>2014</year>
<volume>5</volume>
<journal>Semantic Web</journal>
<number>3</number>
<ee>https://doi.org/10.3233/SW-2012-0072</ee>
<url>db/journals/semweb/semweb5.html#MazumdarPC14</url>
</article></dblp>
