<?xml version="1.0" encoding="US-ASCII"?>
<dblp>
<article key="journals/semweb/McCraeMHB15" mdate="2017-06-14">
<author orcid="0000-0002-7227-1331">John P. McCrae</author>
<author>Steven Moran</author>
<author>Sebastian Hellmann</author>
<author>Martin Br&#252;mmer</author>
<title>Multilingual linked data.</title>
<Abstract>
<introduction>
The interaction of natural language processing and the Semantic Web have lead to the creation of a new paradigm known as Linguistic Linked Open Data (LLOD), whereby traditional language resources are made available as linked data. Conversely, the publication of corpora, machine-readable dictionaries as linked data has opened new resources to Semantic Web researchers and allowed new tools to be developed. 
</introduction>
<method> 
In this special issue, we present recent development of tools and resources for creating and publishing language resources as linked data and tools to exploit this data to enable a multilingual Semantic Web.</method> </Abstract>


<pages>315-317</pages>
<year>2015</year>
<volume>6</volume>
<journal>Semantic Web</journal>
<number>4</number>
<ee>https://doi.org/10.3233/SW-150178</ee>
<url>db/journals/semweb/semweb6.html#McCraeMHB15</url>
</article></dblp>
