<?xml version="1.0" encoding="US-ASCII"?>
<dblp>
<article key="journals/semweb/Melo15" mdate="2017-05-20">
<author>Gerard de Melo</author>
<title>Lexvo.org: Language-related information for the Linguistic Linked Data cloud.</title>
<abstract> <introduction>Lexvo.org brings information about languages, words, and other linguistic entities to the Web of Linked Data.</introduction> 
<method> It defines URIs for terms, languages, scripts, and characters, which are not only highly interconnected but also linked to a variety of resources on the Web.
</method> <discussion_conclusion>
 Additionally, new datasets are being published to contribute to the emerging Linked Data Cloud of Language-Related information.</discussion_conclusion></abstract>
<pages>393-400</pages>
<year>2015</year>
<volume>6</volume>
<journal>Semantic Web</journal>
<number>4</number>
<ee>https://doi.org/10.3233/SW-150171</ee>
<url>db/journals/semweb/semweb6.html#Melo15</url>
</article></dblp>
