<?xml version="1.0" encoding="US-ASCII"?>
<dblp>
<article key="journals/semweb/Merono-PenuelaA17" mdate="2017-06-14">
<author>Albert Mero&#241;o-Pe&#241;uela</author>
<author>Ashkan Ashkpour</author>
<author>Christophe Gu&#233;ret</author>
<author orcid="0000-0002-3282-1597">Stefan Schlobach</author>
<title>CEDAR: The Dutch historical censuses as Linked Open Data.</title>
<abstract> 
<introduction>
Here, we describe the CEDAR dataset, a five-star Linked Open Data representation of the Dutch historical censuses. These were conducted in the Netherlands once every 10 years from 1795 to 1971. 
</introduction><method> 
We produce a linked dataset from a digitized sample of 2,288 tables. It contains more than 6.8 million statistical observations about the demography, labour and housing of Dutch society in the 18th, 19th and 20th centuries. The dataset is modeled using the RDF Data Cube, Open Annotation, and PROV vocabularies. These are used to represent the multidimensionality of the data, to express rules of data harmonization, and to keep track of the provenance of all data points and their transformations, respectively. We link observations within the dataset to well known standard classification systems in social history, such as the Historical International Standard Classification of Occupations (HISCO) and the Amsterdamse Code (AC). 
</method> <discussion_conclusion>
The three contributions of the dataset are (1) an easier access to integrated census data for historical researchers; (2) richer connections to related Linked Data resources; and (3) novel concept schemes of historical relevance, like classifications of historical religions and historical house types.</discussion_conclusion></abstract>
<pages>297-310</pages>
<year>2017</year>
<volume>8</volume>
<journal>Semantic Web</journal>
<number>2</number>
<ee>https://doi.org/10.3233/SW-160233</ee>
<url>db/journals/semweb/semweb8.html#Merono-PenuelaA17</url>
</article></dblp>
