<?xml version="1.0" encoding="US-ASCII"?>
<dblp>
<article key="journals/semweb/Merono-PenuelaA15" mdate="2017-06-14">
<author>Albert Mero&#241;o-Pe&#241;uela</author>
<author>Ashkan Ashkpour</author>
<author>Marieke van Erp</author>
<author>Kees Mandemakers</author>
<author>Leen Breure</author>
<author>Andrea Scharnhorst</author>
<author orcid="0000-0002-3282-1597">Stefan Schlobach</author>
<author orcid="0000-0002-7913-0048">Frank van Harmelen</author>
<title>Semantic technologies for historical research: A survey.</title>
<abstract> <introduction>During the nineties of the last century, historians and computer scientists created together a research agenda around the life cycle of historical information. It comprised the tasks of creation, design, enrichment, editing, retrieval, analysis and presentation of historical information with help of information technology. They also identified a number of problems and challenges in this field, some of them closely related to semantics and meaning. 
</introduction>
<method> 
In this survey paper we study the joint work of historians and computer scientists in the use of Semantic Web methods and technologies in historical research. 
</method> <discussion_conclusion>
We analyse to what extent these contributions help in solving the open problems in the agenda of historians, and we describe open challenges and possible lines of research pushing further a still young, but promising, historical Semantic Web.</discussion_conclusion></abstract>
<pages>539-564</pages>
<year>2015</year>
<volume>6</volume>
<journal>Semantic Web</journal>
<number>6</number>
<ee>https://doi.org/10.3233/SW-140158</ee>
<url>db/journals/semweb/semweb6.html#Merono-PenuelaA15</url>
</article></dblp>
