<?xml version="1.0" encoding="US-ASCII"?>
<dblp>
<article key="journals/semweb/Munoz-SoroECS14" mdate="2017-09-15">
<author>Jos&#233; F&#233;lix Mu&#241;oz-Soro</author>
<author>Guillermo Esteban</author>
<author orcid="0000-0002-9260-0753">&#211;scar Corcho</author>
<author>Francisco J. Ser&#243;n</author>
<title>PPROC, an ontology for transparency in public procurement.</title>
<abstract> 
<introduction>Public procurement or tendering refers to the process followed by public authorities for the procurement of goods and services. In most developed countries, the law requires public authorities to provide online information to ensure competitive tendering as far as possible, for which the adequate announcement of tenders is an essential requirement. In addition, transparency laws being proposed in such countries are making the monitoring of public contracts by citizens a fundamental right. 
</introduction>
<method>
This paper describes the PPROC ontology, which has been developed to give support to both processes, publication and accountability, by semantically describing public procurement processes and contracts. The PPROC ontology is extensive, since it covers not only the usual data about the tender, its objectives, deadlines and awardees, but also details of the whole process, from the initial contract publication to its termination. 
</method> <discussion_conclusion>
This makes it possible to use the ontology for both open data publication purposes and for the overall management of the public contract procurement process.</discussion_conclusion></abstract>
<pages>295-309</pages>
<year>2016</year>
<volume>7</volume>
<journal>Semantic Web</journal>
<number>3</number>
<ee>https://doi.org/10.3233/SW-150195</ee>
<url>db/journals/semweb/semweb7.html#Munoz-SoroECS14</url>
</article></dblp>
