<?xml version="1.0" encoding="US-ASCII"?>
<dblp>
<article key="journals/semweb/NentwigHNR17" mdate="2017-05-20">
<author>Markus Nentwig</author>
<author>Michael Hartung</author>
<author>Axel-Cyrille Ngonga Ngomo</author>
<author>Erhard Rahm</author>
<title>A survey of current Link Discovery frameworks.</title>
<abstract> 
<introduction>
Links build the backbone of the Linked Data Cloud. With the steady growth in size of datasets comes an increased need for end users to know which frameworks to use for deriving links between datasets. 
</introduction>
In this survey, we comparatively evaluate current Link Discovery tools and frameworks. For this purpose, we outline general requirements and derive a generic architecture of Link Discovery frameworks. 
</method> <discussion_conclusion>
Based on this generic architecture, we study and compare the features of state-of-the-art linking frameworks. We also analyze reported performance evaluations for the different frameworks. Finally, we derive insights pertaining to possible future developments in the domain of Link Discovery.</discussion_conclusion></abstract>
<pages>419-436</pages>
<year>2017</year>
<volume>8</volume>
<journal>Semantic Web</journal>
<number>3</number>
<ee>https://doi.org/10.3233/SW-150210</ee>
<url>db/journals/semweb/semweb8.html#NentwigHNR17</url>
</article></dblp>
