<?xml version="1.0" encoding="US-ASCII"?>
<dblp>
<article key="journals/semweb/NguyenNP17" mdate="2017-05-20">
<author>Dat Quoc Nguyen</author>
<author>Dai Quoc Nguyen</author>
<author>Son Bao Pham</author>
<title>Ripple Down Rules for question answering.</title>
<abstract> 
<introduction>Recent years have witnessed a new trend of building ontology-based question answering systems. These systems use semantic web information to produce more precise answers to users’ queries. However, these systems are mostly designed for English. 
</introduction>
<method> 
In this paper, we introduce an ontology-based question answering system named KbQAS which, to the best of our knowledge, is the first one made for Vietnamese. KbQAS employs our question analysis approach that systematically constructs a knowledge base of grammar rules to convert each input question into an intermediate representation element. KbQAS then takes the intermediate representation element with respect to a target ontology and applies concept-matching techniques to return an answer. 
</method> 
<results>
On a wide range of Vietnamese questions, experimental results show that the performance of KbQAS is promising with accuracies of 84.1% and 82.4% for analyzing input questions and retrieving output answers, respectively. Furthermore, our question analysis approach can easily be applied to new domains and new languages, thus saving time and human effort.</results>
</abstract>
<pages>511-532</pages>
<year>2017</year>
<volume>8</volume>
<journal>Semantic Web</journal>
<number>4</number>
<ee>https://doi.org/10.3233/SW-150204</ee>
<url>db/journals/semweb/semweb8.html#NguyenNP17</url>
</article></dblp>
