<?xml version="1.0" encoding="US-ASCII"?>
<dblp>
<article key="journals/semweb/NuzzolesePGPC17" mdate="2017-09-15">
<author orcid="0000-0003-2928-9496">Andrea Giovanni Nuzzolese</author>
<author>Valentina Presutti</author>
<author>Aldo Gangemi</author>
<author orcid="0000-0003-0530-4305">Silvio Peroni</author>
<author>Paolo Ciancarini</author>
<title>Aemoo: Linked Data exploration based on Knowledge Patterns.</title>
<abstract> <introduction>This paper presents a novel approach to Linked Data exploration that uses Encyclopedic Knowledge Patterns (EKPs) as relevance criteria for selecting, organising, and visualising knowledge. EKP are discovered by mining the linking structure of Wikipedia and evaluated by means of a user-based study, which shows that they are cognitively sound as models for building entity summarisations. 
</introduction>
<method> 
We implemented a tool named Aemoo that supports EKP-driven knowledge exploration and integrates data coming from heterogeneous resources, namely static and dynamic knowledge as well as text and Linked Data. 
</method> <discussion_conclusion>
Aemoo is evaluated by means of controlled, task-driven user experiments in order to assess its usability, and ability to provide relevant and serendipitous information as compared to two existing tools: Google and RelFinder.</discussion_conclusion></abstract>
<pages>87-112</pages>
<year>2017</year>
<volume>8</volume>
<journal>Semantic Web</journal>
<number>1</number>
<ee>https://doi.org/10.3233/SW-160222</ee>
<url>db/journals/semweb/semweb8.html#NuzzolesePGPC17</url>
</article></dblp>
