<?xml version="1.0" encoding="US-ASCII"?>
<dblp>
<article key="journals/semweb/Oberle14" mdate="2017-05-20">
<author>Daniel Oberle</author>
<title>How ontologies benefit enterprise applications.</title>
<abstract> 
<method>
This paper contributes an argumentation line for how technological features of ontologies lead to benefits for enterprise applications. Although many features are also available in precursory or alternative technologies, we claim that combinations of specific features are uniquely provided by ontologies. A careful elicitation of the available features therefore is a prerequisite for the argumentation line. As a second contribution, this paper reports on several challenges that frequently occur when trying to adopt ontologies in existing enterprise settings. These challenges have to be contrasted with the often overstressed benefits in Semantic Web literature. Together with reports for several SAP Research case studies, this paper channels back experiences to the Semantic Web community. 
</method><discussion_conclusion>
As a third contribution, we give several recommendations for future research directions based on the gathered experiences.</discussion_conclusion></abstract>
<pages>473-491</pages>
<year>2014</year>
<volume>5</volume>
<journal>Semantic Web</journal>
<number>6</number>
<ee>https://doi.org/10.3233/SW-130114</ee>
<url>db/journals/semweb/semweb5.html#Oberle14</url>
</article></dblp>
