<?xml version="1.0" encoding="US-ASCII"?>
<dblp>
<article key="journals/semweb/OltramariPSWCNR18" mdate="2018-02-01">
<author>Alessandro Oltramari</author>
<author>Dhivya Piraviperumal</author>
<author>Florian Schaub</author>
<author>Shomir Wilson</author>
<author>Sushain Cherivirala</author>
<author>Thomas B. Norton</author>
<author>N. Cameron Russell</author>
<author>Peter Story</author>
<author>Joel R. Reidenberg</author>
<author>Norman M. Sadeh</author>
<title>PrivOnto: A semantic framework for the analysis of privacy policies.</title>
<abstract> 
<introduction>
Privacy policies are intended to inform users about the collection and use of their data by websites, mobile apps and other services or appliances they interact with. This also includes informing users about any choices they might have regarding such data practices. However, few users read these often long privacy policies; and those who do have difficulty understanding them, because they are written in convoluted and ambiguous language. A promising approach to help overcome this situation revolves around semi-automatically annotating policies, using combinations of crowdsourcing, machine learning and natural language processing. 
</introduction>
<method> 
In this article, we introduce PrivOnto, a semantic framework to represent annotated privacy policies. PrivOnto relies on an ontology developed to represent issues identified as critical to users and/or legal experts. PrivOnto has been used to analyze a corpus of over 23,000 annotated data practices, extracted from 115 privacy policies of US-based companies. We introduce a collection of 57 SPARQL queries to extract information from the PrivOnto knowledge base, with the dual objective of (1) answering privacy questions of interest to users and (2) supporting researchers and regulators in the analysis of privacy policies at scale. We present an interactive online tool using PrivOnto to help users explore our corpus of 23,000 annotated data practices. 
</method> 
<discussion_conclusion>
Finally, we outline future research and open challenges in using semantic technologies for privacy policy analysis. 
</discussion_conclusion>
</abstract>
<pages>185-203</pages>
<year>2018</year>
<volume>9</volume>
<journal>Semantic Web</journal>
<number>2</number>
<ee>https://doi.org/10.3233/SW-170283</ee>
<url>db/journals/semweb/semweb9.html#OltramariPSWCNR18</url>
</article>
</dblp>
