<?xml version="1.0" encoding="US-ASCII"?>
<dblp>
<article key="journals/semweb/ParrSHWLR15" mdate="2017-05-20">
<author>Cynthia Sims Parr</author>
<author>Katja Schulz</author>
<author>Jennifer Hammock</author>
<author>Nathan Wilson</author>
<author>Patrick Leary</author>
<author>Jeremy Rice</author>
<title>TraitBank: Practical semantics for organism attribute data.</title>
<abstract><introduction>
Encyclopedia of Life (EOL) has developed TraitBank (http://eol.org/traitbank), a new repository for organism attribute (trait) data. TraitBank aggregates, manages and serves attribute data for organisms across the tree of life, including life history characteristics, habitats, distributions, ecological relationships and other data types. 
</introduction><method> 
We describe how TraitBank ingests and manages these data in a way that leverages EOL’s existing infrastructure and semantic annotations to facilitate reasoning across the TraitBank corpus and interoperability with other resources. We also discuss TraitBank’s impact on users and collaborators and the challenges and benefits of our lightweight, scalable approach to the integration of biodiversity data.</method> </abstract>
<pages>577-588</pages>
<year>2016</year>
<volume>7</volume>
<journal>Semantic Web</journal>
<number>6</number>
<ee>https://doi.org/10.3233/SW-150190</ee>
<url>db/journals/semweb/semweb7.html#ParrSHWLR15</url>
</article></dblp>
