<?xml version="1.0" encoding="US-ASCII"?>
<dblp>
<article key="journals/semweb/PassantGA12" mdate="2017-05-20">
<author>Alexandre Passant</author>
<author>Fabien Gandon</author>
<author>Harith Alani</author>
<title>Special issue on real-time and ubiquitous social semantics.</title>
<pages>113</pages>
<year>2012</year>
<volume>3</volume>
<journal>Semantic Web</journal>
<number>2</number>
<ee>https://doi.org/10.3233/SW-2012-0068</ee>
<url>db/journals/semweb/semweb3.html#PassantGA12</url>
</article></dblp>
