<?xml version="1.0" encoding="US-ASCII"?>
<dblp>
<article key="journals/semweb/Paulheim17" mdate="2017-05-20">
<author>Heiko Paulheim</author>
<title>Knowledge graph refinement: A survey of approaches and evaluation methods.</title>
<abstract> <introduction>In the recent years, different Web knowledge graphs, both free and commercial, have been created. While Google coined the term “Knowledge Graph” in 2012, there are also a few openly available knowledge graphs, with DBpedia, YAGO, and Freebase being among the most prominent ones. Those graphs are often constructed from semi-structured knowledge, such as Wikipedia, or harvested from the web with a combination of statistical and linguistic methods. 

The result are large-scale knowledge graphs that try to make a good trade-off between completeness and correctness. In order to further increase the utility of such knowledge graphs, various refinement methods have been proposed, which try to infer and add missing knowledge to the graph, or identify erroneous pieces of information. 
</introduction>
<method> 
In this article, we provide a survey of such knowledge graph refinement approaches, with a dual look at both the methods being proposed as well as the evaluation methodologies used.</method> 
</abstract>
<pages>489-508</pages>
<year>2017</year>
<volume>8</volume>
<journal>Semantic Web</journal>
<number>3</number>
<ee>https://doi.org/10.3233/SW-160218</ee>
<url>db/journals/semweb/semweb8.html#Paulheim17</url>
</article></dblp>
