<?xml version="1.0" encoding="US-ASCII"?>
<dblp>
<article key="journals/semweb/PazienzaSST12" mdate="2017-06-08">
<author>Maria Teresa Pazienza</author>
<author orcid="0000-0002-6573-8095">Noemi Scarpato</author>
<author orcid="0000-0001-5374-2807">Armando Stellato</author>
<author>Andrea Turbati</author>
<title>Semantic Turkey: A browser-integrated environment for knowledge acquisition and management.</title>
<abstract>
<introduction>
Born four years ago as a Semantic Web extension for the web browser Firefox, Semantic Turkey pushed forward the traditional concept of links&folders-based bookmarking to a new dimension, allowing users to keep track of relevant information from visited web sites and to organize the collected content according to standard or personally defined ontologies. <introduction><discussion_conclusion>
Today, the tool has broken the boundaries of its original intents and can be considered, under every aspect, an extensible platform for knowledge management and acquisition. The semantic bookmarking and annotation facilities of Semantic Turkey are now supporting just a part of a whole methodology where different actors, from domain experts to knowledge engineers, can cooperate in developing, building and populating ontologies while navigating the Web.</discussion_conclusion></abstract>
<pages>279-292</pages>
<year>2012</year>
<volume>3</volume>
<journal>Semantic Web</journal>
<number>3</number>
<ee>https://doi.org/10.3233/SW-2011-0033</ee>
<url>db/journals/semweb/semweb3.html#PazienzaSST12</url>
</article></dblp>
