<?xml version="1.0" encoding="US-ASCII"?>
<dblp>
<article key="journals/semweb/PichlerPSW13" mdate="2017-05-20">
<author>Reinhard Pichler</author>
<author>Axel Polleres</author>
<author>Sebastian Skritek</author>
<author>Stefan Woltran</author>
<title>Complexity of redundancy detection on RDF graphs in the presence of rules, constraints, and queries.</title>
<abstract> 
<introduction>
Based on practical observations on rule-based inference on RDF data, we study the problem of redundancy detection on RDF graphs in the presence of rules (in the form of Datalog rules) and constraints, (in the form of so-called tuple-generating dependencies), and with respect to queries (ranging from conjunctive queries up to more complex ones, particularly covering features of SPARQL, such as union, negation, or filters). 
</introduction><method>
To this end, we investigate the influence of several problem parameters (like restrictions on the size of the rules, the constraints, and/or the queries) on the complexity of detecting redundancy. 
</method><discussion_conclusion>
The main result of this paper is a fine-grained complexity analysis of both graph and rule minimisation in various settings.</discussion_conclusion></abstract>
<pages>351-393</pages>
<year>2013</year>
<volume>4</volume>
<journal>Semantic Web</journal>
<number>4</number>
<ee>https://doi.org/10.3233/SW-2012-0076</ee>
<url>db/journals/semweb/semweb4.html#PichlerPSW13</url>
</article></dblp>
