<?xml version="1.0" encoding="US-ASCII"?>
<dblp>
<article key="journals/semweb/PinkelBJKMNBSST18" mdate="2017-12-13">
<author>Christoph Pinkel</author>
<author>Carsten Binnig</author>
<author>Ernesto Jim&#233;nez-Ruiz</author>
<author>Evgeny Kharlamov</author>
<author>Wolfgang May</author>
<author>Andriy Nikolov</author>
<author>Ana Sasa Bastinos</author>
<author>Martin G. Skj&#230;veland</author>
<author>Alessandro Solimando</author>
<author>Mohsen Taheriyan</author>
<author>Christian Heupel</author>
<author>Ian Horrocks</author>
<title>RODI: Benchmarking relational-to-ontology mapping generation quality.</title>
<abstract>
<introduction>
Accessing and utilizing enterprise or Web data that is scattered across multiple data sources is an important task for both applications and users. Ontology-based data integration, where an ontology mediates between the raw data and its consumers, is a promising approach to facilitate such scenarios. This approach crucially relies on useful mappings to relate the ontology and the data, the latter being typically stored in relational databases. A number of systems to support the construction of such mappings have recently been developed. A generic and effective benchmark for reliable and comparable evaluation of the practical utility of such systems would make an important contribution to the development of ontology-based data integration systems and their application in practice. We have proposed such a benchmark, called RODI. In this paper, we present a new version of RODI, which significantly extends our previous benchmark, and we evaluate various systems with it. 
</introduction>
<method>
RODI includes test scenarios from the domains of scientific conferences, geographical data, and oil and gas exploration. Scenarios are constituted of databases, ontologies, and queries to test expected results.
</method>
<discussion_conclusion>
Systems that compute relational-to-ontology mappings can be evaluated using RODI by checking how well they can handle various features of relational schemas and ontologies, and how well the computed mappings work for query answering. Using RODI, we conducted a comprehensive evaluation of seven systems. 
</discussion_conclusion>
</abstract>
<pages>25-52</pages>
<year>2018</year>
<volume>9</volume>
<journal>Semantic Web</journal>
<number>1</number>
<ee>https://doi.org/10.3233/SW-170268</ee>
<url>db/journals/semweb/semweb9.html#PinkelBJKMNBSST18</url>
</article>
</dblp>
