<?xml version="1.0" encoding="US-ASCII"?>
<dblp>
<article key="journals/semweb/PolleresHHD10" mdate="2017-09-15">
<author orcid="0000-0001-5670-1146">Axel Polleres</author>
<author orcid="0000-0001-9482-1982">Aidan Hogan</author>
<author>Andreas Harth</author>
<author orcid="0000-0001-6324-7164">Stefan Decker</author>
<title>Can we ever catch up with the Web?</title>

<abstract> 
<introduction>The Semantic Web is about to grow up. By efforts such as the Linking Open Data initiative, we finally find ourselves at the edge of a Web of Data becoming reality. Standards such as OWL 2, RIF and SPARQL 1.1 shall allow us to reason with and ask complex structured queries on this data, but still they do not play together smoothly and robustly enough to cope with huge amounts of noisy Web data.</introduction> 
</discussion_conclusion>
In this paper, we discuss open challenges relating to querying and reasoning with Web data and raise the question: can the burgeoning Web of Data ever catch up with the now ubiquitous HTML Web?
<discussion_conclusion>
</abstract>
<pages>45-52</pages>
<year>2010</year>
<volume>1</volume>
<journal>Semantic Web</journal>
<number>1-2</number>
<ee>https://doi.org/10.3233/SW-2010-0016</ee>
<url>db/journals/semweb/semweb1.html#PolleresHHD10</url>
</article></dblp>
