<?xml version="1.0" encoding="US-ASCII"?>
<dblp>
<article key="journals/semweb/PoloMBRG14" mdate="2017-05-20">
<author>Luis Polo</author>
<author>Iv&#225;n M&#237;nguez</author>
<author>Diego Berrueta</author>
<author>Carlos Ruiz</author>
<author>Jos&#233; Manu&#233;l G&#243;mez-P&#233;rez</author>
<title>User preferences in the web of data.</title>
<abstract> <introduction>This article introduces a domain- and application-independent language for representing preferences as part of user profiles. 
</introduction>
<method>
It also describes the translation of statements of this language to RDF datasets using a new ontology named Framework for Ratings and Preferences (FRAP). 
</method>
<discussion_conclusion>
The availability of this language and its RDF representation enable the effective exchange of user preferences across different applications in the web environment. The practical usage and limitations of this approach are also discussed in the article.</discussion_conclusion>
</abstract>
<pages>67-75</pages>
<year>2014</year>
<volume>5</volume>
<journal>Semantic Web</journal>
<number>1</number>
<ee>https://doi.org/10.3233/SW-2012-0080</ee>
<url>db/journals/semweb/semweb5.html#PoloMBRG14</url>
</article></dblp>
