<?xml version="1.0" encoding="US-ASCII"?>
<dblp>
<article key="journals/semweb/PresuttiNCGR15" mdate="2017-06-14">
<author>Valentina Presutti</author>
<author orcid="0000-0003-2928-9496">Andrea Giovanni Nuzzolese</author>
<author orcid="0000-0001-7357-5858">Sergio Consoli</author>
<author>Aldo Gangemi</author>
<author>Diego Reforgiato Recupero</author>
<title>From hyperlinks to Semantic Web properties using Open Knowledge Extraction.</title>

<abstract> 
<introduction>
Open information extraction approaches are useful but insufficient alone for populating the Web with machine readable information as their results are not directly linkable to, and immediately reusable from, other Linked Data sources. 
</introduction>
<method>
This work proposes a novel paradigm, named Open Knowledge Extraction, and its implementation (Legalo) that performs unsupervised, open domain, and abstractive knowledge extraction from text for producing machine readable information. The implemented method is based on the hypothesis that hyperlinks (either created by humans or knowledge extraction tools) provide a pragmatic trace of semantic relations between two entities, and that such semantic relations, their subjects and objects, can be revealed by processing their linguistic traces (i.e. the sentences that embed the hyperlinks) and formalised as Semantic Web triples and ontology axioms. 
</method> 
<results>
Experimental evaluations conducted on validated text extracted from Wikipedia pages, with the help of crowdsourcing, confirm this hypothesis showing high performances. A demo is available at http://wit.istc.cnr.it/stlab-tools/legalo. 
</results>
</abstract>

<pages>351-378</pages>
<year>2016</year>
<volume>7</volume>
<journal>Semantic Web</journal>
<number>4</number>
<ee>https://doi.org/10.3233/SW-160221</ee>
<url>db/journals/semweb/semweb7.html#PresuttiNCGR15</url>
</article></dblp>
