<?xml version="1.0" encoding="US-ASCII"?>
<dblp>
<article key="journals/semweb/Queralt-Rosinach15" mdate="2017-09-15">
<author>N&#250;ria Queralt-Rosinach</author>
<author orcid="0000-0002-1267-0234">Tobias Kuhn</author>
<author>Christine Chichester</author>
<author orcid="0000-0003-4727-9435">Michel Dumontier</author>
<author>Ferran Sanz</author>
<author>Laura I. Furlong</author>
<title>Publishing DisGeNET as nanopublications.</title>

<abstract> 
<introduction>
The increasing and unprecedented publication rate in the biomedical field is a major bottleneck for knowledge discovery in the Life Sciences. The manual curation of facts from published scientific papers is slow and inefficient, and therefore new approaches are needed that can enable the automatic, scalable and reliable extraction of assertions. While the publication of scientific assertions and datasets on the Semantic Web is gaining traction, it also creates new challenges such as the proper representation of provenance and versioning. 
</introduction>
<method> 
Here, we address these issues and describe our efforts to represent the DisGeNET database of human gene-disease associations as permanent, immutable, and provenance rich digital objects called nanopublications. Our nanopublications are the first instance of a Linked Data model that ensures stable interlinking of the assertion and its metadata by Trusty URIs. 
</method> 
<discussion_conclusion>
As DisGeNET integrates manually curated as well as text-mined data of different origins, the semantic description of the evidence for each assertion is important to provide trust and allow evidence-based hypothesis generation. Here, we describe our steps to ensure high quality and demonstrate the utility of linking our data to other datasets on the emerging Semantic Web.
</discussion_conclusion> 
</abstract>

<pages>519-528</pages>
<year>2016</year>
<volume>7</volume>
<journal>Semantic Web</journal>
<number>5</number>
<ee>https://doi.org/10.3233/SW-150189</ee>
<url>db/journals/semweb/semweb7.html#Queralt-Rosinach15</url>
</article></dblp>
