<?xml version="1.0" encoding="US-ASCII"?>
<dblp>
<article key="journals/semweb/RadulovicMGG18" mdate="2017-12-13">
<author>Filip Radulovic</author>
<author>Nandana Mihindukulasooriya</author>
<author>Ra&#250;l Garc&#237;a-Castro</author>
<author>Asunci&#243;n G&#243;mez-P&#233;rez</author>
<title>A comprehensive quality model for Linked Data.</title>
<abstract>
<introduction>
With the increasing amount of Linked Data published on the Web, the community has recognised the importance of the quality of such data and a number of initiatives have been undertaken to specify and evaluate Linked Data quality. However, these initiatives are characterised by a high diversity in terms of the quality aspects that they address and measure. This leads to difficulties in comparing and benchmarking evaluation results, as well as in selecting the right data source according to certain quality needs. 
</introduction>
<method>
This paper presents a quality model for Linked Data, which provides a unique terminology and reference for Linked Data quality specification and evaluation. The mentioned quality model specifies a set of quality characteristics and quality measures related to Linked Data, together with formulas for the calculation of measures. Furthermore, this paper also presents an extension of the W3C Data Quality Vocabulary that can be used to capture quality information specific to Linked Data, a Linked Data representation of the Linked Data quality model, and a use case in which the benefits of the quality model proposed in this paper are presented in a tool for Linked Data evaluation. 
</method>
</abstract>
<pages>3-24</pages>
<year>2018</year>
<volume>9</volume>
<journal>Semantic Web</journal>
<number>1</number>
<ee>https://doi.org/10.3233/SW-170267</ee>
<url>db/journals/semweb/semweb9.html#RadulovicMGG18</url>
</article>
</dblp>
