<?xml version="1.0" encoding="US-ASCII"?>
<dblp>
<article key="journals/semweb/RaubalA10" mdate="2017-05-20">
<author>Martin Raubal</author>
<author>Benjamin Adams</author>
<title>The Semantic Web needs more cognition.</title>

<abstract>  
<introduction>
One of the key deficiencies of the Semantic Web is its lack of cognitive plausibility. We argue that by accounting for people's reasoning mechanisms and cognitive representations, the usefulness of information coming from the Semantic Web will be enhanced. 
</introduction>
<method>
More specifically, the utilization and integration of conceptual spaces is proposed as a knowledge representation that affords two important human cognitive mechanisms, i.e., semantic similarity and concept combination. Formal conceptual space algebra serves as the basis for the Conceptual Space Markup Language (CSML), which facilitates the engineering of ontologies using a geometric framework. 
</method> 
<discussion_conclusion>
We demonstrate the usefulness of the approach through a concrete example and suggest directions for future work, especially the need for combining geometric representations and reasoning mechanisms with existing Semantic Web structures. </abstract>
</discussion_conclusion>
<pages>69-74</pages>
<year>2010</year>
<volume>1</volume>
<journal>Semantic Web</journal>
<number>1-2</number>
<ee>https://doi.org/10.3233/SW-2010-0002</ee>
<url>db/journals/semweb/semweb1.html#RaubalA10</url>
</article></dblp>
