<?xml version="1.0" encoding="US-ASCII"?>
<dblp>
<article key="journals/semweb/RietveldBHS17" mdate="2017-09-15">
<author>Laurens Rietveld</author>
<author orcid="0000-0003-0250-9655">Wouter Beek</author>
<author>Rinke Hoekstra</author>
<author>Stefan Schlobach</author>
<title>Meta-data for a lot of LOD.</title>

<abstract>  
<introduction>
This paper introduces the LOD Laundromat meta-dataset, a continuously updated RDF meta-dataset that describes the documents crawled, cleaned and (re)published by the LOD Laundromat. This meta-dataset of over 110 million triples contains structural information for more than 650,000 documents (and growing). Dataset meta-data is often not provided alongside published data, it is incomplete or it is incomparable given the way they were generated. The LOD Laundromat meta-dataset provides a wide range of structural dataset properties, such as the number of triples in LOD Laundromat documents, the average degree in documents, and the distinct number of Blank Nodes, Literals and IRIs. 
This makes it a particularly useful dataset for data comparison and analytics, as well as for the global study of the Web of Data.
</introduction> 
<method> 
This paper presents the dataset, its requirements, and its impact. 
</method> 
</abstract>

<pages>1067-1080</pages>
<year>2017</year>
<volume>8</volume>
<journal>Semantic Web</journal>
<number>6</number>
<ee>https://doi.org/10.3233/SW-170256</ee>
<url>db/journals/semweb/semweb8.html#RietveldBHS17</url>
</article></dblp>
