<?xml version="1.0" encoding="US-ASCII"?>
<dblp>
<article key="journals/semweb/RietveldH17" mdate="2017-05-20">
<author>Laurens Rietveld</author>
<author>Rinke Hoekstra</author>
<title>The YASGUI family of SPARQL clients.</title>

<abstract>  
<introduction>
The size and complexity of the Semantic Web and its technology stack makes it difficult to query. Access to Linked Data could be greatly facilitated if it were supported by a tool with a strong focus on usability. 
</introduction>
<method> 
In this paper we present the YASGUI family of SPARQL clients, a continuation of the YASGUI tool introduced more than two years ago. The YASGUI family of SPARQL clients enables publishers to improve ease of access for their SPARQL endpoints, and gives consumers of Linked Data a robust, feature-rich and user friendly SPARQL editor. 
</method> 
<discussion_conclusion>
We show that the YASGUI family had significant impact on the landscape of Linked Data management: YASGUI components are integrated in state-of-the-art triple-stores and Linked Data applications, and used as front-end by a large number of Linked Data publishers. Additionally, we show that the YASGUI web service – which provides access to any SPARQL endpoint – has a large and growing user base amongst Linked Data consumers.
</discussion_conclusion> 
</abstract>

<pages>373-383</pages>
<year>2017</year>
<volume>8</volume>
<journal>Semantic Web</journal>
<number>3</number>
<ee>https://doi.org/10.3233/SW-150197</ee>
<url>db/journals/semweb/semweb8.html#RietveldH17</url>
</article></dblp>
