<?xml version="1.0" encoding="US-ASCII"?>
<dblp>
<article key="journals/semweb/RiguzziBLZ15" mdate="2017-06-14">
<author orcid="0000-0003-1654-9703">Fabrizio Riguzzi</author>
<author>Elena Bellodi</author>
<author>Evelina Lamma</author>
<author orcid="0000-0001-8352-6304">Riccardo Zese</author>
<title>Probabilistic Description Logics under the distribution semantics.</title>

<abstract> 
<introduction> 
Representing uncertain information is crucial for modeling real world domains. In this paper we present a technique for the integration of probabilistic information in Description Logics (DLs) that is based on the distribution semantics for probabilistic logic programs. 
</introduction>
<method> 
In the resulting approach, that we called DISPONTE, the axioms of a probabilistic knowledge base (KB) can be annotated with a real number between 0 and 1. A probabilistic knowledge base then defines a probability distribution over regular KBs called worlds and the probability of a given query can be obtained from the joint distribution of the worlds and the query by marginalization. We present the algorithm BUNDLE for computing the probability of queries from DISPONTE KBs. The algorithm exploits an underlying DL reasoner, such as Pellet, that is able to return explanations for queries. The explanations are encoded in a Binary Decision Diagram from which the probability of the query is computed. 
</method> 
<results>
The experimentation of BUNDLE shows that it can handle probabilistic KBs of realistic size. </results></abstract>

<pages>477-501</pages>
<year>2015</year>
<volume>6</volume>
<journal>Semantic Web</journal>
<number>5</number>
<ee>https://doi.org/10.3233/SW-140154</ee>
<url>db/journals/semweb/semweb6.html#RiguzziBLZ15</url>
</article></dblp>
