<?xml version="1.0" encoding="US-ASCII"?>
<dblp>
<article key="journals/semweb/RijgersbergAT13" mdate="2017-05-20">
<author>Hajo Rijgersberg</author>
<author>Mark van Assem</author>
<author>Jan L. Top</author>
<title>Ontology of units of measure and related concepts.</title>

<abstract> 
<introduction>
This paper describes the Ontology of units of Measure and related concepts (OM), an OWL ontology of the domain of quantities and units of measure. OM supports making quantitative research data more explicit, so that the data can be integrated, verified and reproduced. The various options for modeling the domain are discussed. For example, physical quantities can be modeled either as classes, instances or properties. 
</introduction>
<method> 
The design choices made are based on use cases from our own projects and general experience in the field. The use cases have been implemented as tools and web services. 
</method> 
<discussion_conclusion>
OM is compared with QUDT, another active effort for an OWL model in this domain. We note possibilities for integration of these efforts. We also discuss the role OWL plays in our approach. </discussion_conclusion></abstract>

<pages>3-13</pages>
<year>2013</year>
<volume>4</volume>
<journal>Semantic Web</journal>
<number>1</number>
<ee>https://doi.org/10.3233/SW-2012-0069</ee>
<url>db/journals/semweb/semweb4.html#RijgersbergAT13</url>
</article></dblp>
