<?xml version="1.0" encoding="US-ASCII"?>
<dblp>
<article key="journals/semweb/RomanK18" mdate="2018-02-01">
<author>Dumitru Roman</author>
<author>Michael Kifer</author>
<title>ServLog: A unifying logical framework for service modeling and contracting.</title>

<abstract> <introduction>Implementing semantics-aware services, which includes semantic Web services, requires novel techniques for modeling and analysis. The problems include automated support for service discovery, selection, negotiation, and composition. In addition, support for automated service contracting and contract execution is crucial for any large scale service environment where multiple clients and service providers interact. Many problems in this area involve reasoning, and a number of logic-based methods to handle these problems have emerged in the field of Semantic Web Services. 
</introduction>
<method>
In this paper, we lay down theoretical foundations for service modeling, contracting, and reasoning, which we call ServLog, by developing novel techniques for modeling and reasoning about service contracts with the help of Concurrent Transaction Logic. 
</method> 
<results>
With this framework, we significantly extend the modeling power of the previous work by allowing expressive data constraints and iterative processes in the specification of services. 
</results>
<discussion_conclusion>
This approach not only captures typical procedural constructs found in established business process languages, but also greatly extends their functionality, enables declarative specification and reasoning about services, and opens a way for automatic generation of executable business processes from service contracts.  </abstract>
</discussion_conclusion>
<pages>257-290</pages>
<year>2018</year>
<volume>9</volume>
<journal>Semantic Web</journal>
<number>2</number>
<ee>https://doi.org/10.3233/SW-170262</ee>
<url>db/journals/semweb/semweb9.html#RomanK18</url>
</article>
</dblp>
