<?xml version="1.0" encoding="US-ASCII"?>
<dblp>
<article key="journals/semweb/RoucesMH17" mdate="2017-08-17">
<author>Jacobo Rouces</author>
<author>Gerard de Melo</author>
<author>Katja Hose</author>
<title>FrameBase: Enabling integration of heterogeneous knowledge.</title>

<abstract>
<introduction>  
Large-scale knowledge graphs such as those in the Linked Open Data cloud are typically stored as subject-predicate-object triples. However, many facts about the world involve more than two entities. While n-ary relations can be converted to triples in a number of ways, unfortunately, the structurally different choices made in different knowledge sources significantly impede our ability to connect them. They also increase semantic heterogeneity, making it impossible to query the data concisely and without prior knowledge of each individual source. 
</introduction>
<method> 
This article presents FrameBase, a wide-coverage knowledge base schema that uses linguistic frames to represent and query n-ary relations from other knowledge bases, providing multiple levels of granularity connected via logical entailment. 
</method> 
<discussion_conclusion>
Overall, this provides a means for semantic integration from heterogeneous sources under a single schema and opens up possibilities to draw on natural language processing techniques for querying and data mining. </discussion_conclusion></abstract>

<pages>817-850</pages>
<year>2017</year>
<volume>8</volume>
<journal>Semantic Web</journal>
<number>6</number>
<ee>https://doi.org/10.3233/SW-170279</ee>
<url>db/journals/semweb/semweb8.html#RoucesMH17</url>
</article>
</dblp>
