<?xml version="1.0" encoding="US-ASCII"?>
<dblp>
<article key="journals/semweb/RoweS12" mdate="2017-05-20">
<author>Matthew Rowe</author>
<author>Milan Stankovic</author>
<title>Aligning tweets with events: Automation via semantics.</title>

<abstract> 
<introduction>
Microblogging platforms, such as Twitter, now provide web users with an on-demand service to share and consume fragments of information. Such fragments often refer to real-world events (e.g., shows, conferences) and often refer to a particular event component (such as a particular talk), providing a bridge between the real and virtual worlds. The utility of tweets allows companies and organisations to quickly gauge feedback about their services, and provides event organisers with information describing how participants feel about their event. However, the scale of the Web, and the sheer number of Tweets which are published on an hourly basis, makes manually identifying event tweets difficult. 
</introduction>
<method> 
In this paper we present an automated approach to align tweets with the events which they refer to. We aim to provide alignments on the sub-event level of granularity. We test two different machine learning-based techniques: proximity-based clustering and classification using Naive Bayes. 
</method> 
<results>
We evaluate the performance of our approach using a dataset of tweets collected from the Extended Semantic Web Conference 2010. The best F0.2 scores obtained in our experiments for proximity-based clustering and Naive Bayes were 0.544 and 0.728 respectively. 
</results>
</abstract>

<pages>115-130</pages>
<year>2012</year>
<volume>3</volume>
<journal>Semantic Web</journal>
<number>2</number>
<ee>https://doi.org/10.3233/SW-2011-0042</ee>
<url>db/journals/semweb/semweb3.html#RoweS12</url>
</article></dblp>
