<?xml version="1.0" encoding="US-ASCII"?>
<dblp>
<article key="journals/semweb/SabouAB13" mdate="2017-06-08">
<author orcid="0000-0001-9301-8418">Marta Sabou</author>
<author>Irem Arsal</author>
<author>Adrian M. P. Brasoveanu</author>
<title>TourMISLOD: A tourism linked data set.</title>

<abstract> <introduction>The TourMISLOD dataset exposes as linked data a significant portion of the content of TourMIS, a key source of European tourism statistics data. 
</introduction>
<method> 
TourMISLOD contains information about the Arrivals, Bednights and Capacity tourism indicators, recorded from 1985 onwards, about over 150 European cities and in connection to 19 major markets. 
</method> 
<results>
Due to licensing issues, the usage of this dataset is currently limited to the TourMIS consortium. Nevertheless, a prototype application has already revealed the dataset's usefulness for decision support. 
</results></abstract>

<pages>271-276</pages>
<year>2013</year>
<volume>4</volume>
<journal>Semantic Web</journal>
<number>3</number>
<ee>https://doi.org/10.3233/SW-2012-0087</ee>
<url>db/journals/semweb/semweb4.html#SabouAB13</url>
</article></dblp>
