<?xml version="1.0" encoding="US-ASCII"?>
<dblp>
<article key="journals/semweb/Sabou10" mdate="2017-05-20">
<author>Marta Sabou</author>
<title>Smart objects: Challenges for Semantic Web research.</title>

<abstract> <introduction>The increased availability and robustness of sensors, the wide-spread use of the internet as a communication environment and the intensified adoption of semantic technologies foster the vision of embedding intelligence in physical objects. The race of realizing this vision is pervasive to a variety of research fields, most notably ambient intelligence and semantic web, and leads to the proliferation of several overlapping definitions and terminologies: smart products, semantic devices, semantic gadgets - to which we collectively refer to as smart objects. What exactly are smart objects? And what are the research challenges in realizing them?</introduction><method> We hereby explore the answers to these questions. </method></abstract>

<pages>127-130</pages>
<year>2010</year>
<volume>1</volume>
<journal>Semantic Web</journal>
<number>1-2</number>
<ee>https://doi.org/10.3233/SW-2010-0011</ee>
<url>db/journals/semweb/semweb1.html#Sabou10</url>
</article></dblp>
