<?xml version="1.0" encoding="US-ASCII"?>
<dblp>
<article key="journals/semweb/SaifFKA17" mdate="2017-05-20">
<author>Hassan Saif</author>
<author>Miriam Fern&#225;ndez</author>
<author>Leon Kastler</author>
<author>Harith Alani</author>
<title>Sentiment lexicon adaptation with context and semantics for the social web.</title>

<abstract> <introduction>Sentiment analysis over social streams offers governments and organisations a fast and effective way to monitor the publics’ feelings towards policies, brands, business, etc. General purpose sentiment lexicons have been used to compute sentiment from social streams, since they are simple and effective. They calculate the overall sentiment of texts by using a general collection of words, with predetermined sentiment orientation and strength. However, words’ sentiment often vary with the contexts in which they appear, and new words might be encountered that are not covered by the lexicon, particularly in social media environments where content emerges and changes rapidly and constantly. </introduction>
<method> 
In this paper, we propose a lexicon adaptation approach that uses contextual as well as semantic information extracted from DBPedia to update the words’ weighted sentiment orientations and to add new words to the lexicon. </method> 
<results>
We evaluate our approach on three different Twitter datasets, and show that enriching the lexicon with contextual and semantic information improves sentiment computation by 3.4% in average accuracy, and by 2.8% in average F1 measure. </results></abstract>

<pages>643-665</pages>
<year>2017</year>
<volume>8</volume>
<journal>Semantic Web</journal>
<number>5</number>
<ee>https://doi.org/10.3233/SW-170265</ee>
<url>db/journals/semweb/semweb8.html#SaifFKA17</url>
</article></dblp>
