<?xml version="1.0" encoding="US-ASCII"?>
<dblp>
<article key="journals/semweb/SaleemKHEN15" mdate="2017-07-19">
<author>Muhammad Saleem 0002</author>
<author orcid="0000-0003-1049-1977">Yasar Khan</author>
<author>Ali Hasnain</author>
<author>Ivan Ermilov</author>
<author>Axel-Cyrille Ngonga Ngomo</author>
<title>A fine-grained evaluation of SPARQL endpoint federation systems.</title>

<abstract> <introduction>The Web of Data has grown enormously over the last years. Currently, it comprises a large compendium of interlinked and distributed datasets from multiple domains. Running complex queries on this compendium often requires accessing data from different endpoints within one query. The abundance of datasets and the need for running complex query has thus motivated a considerable body of work on SPARQL query federation systems, the dedicated means to access data distributed over the Web of Data. However, the granularity of previous evaluations of such systems has not allowed deriving of insights concerning their behavior in different steps involved during federated query processing. 
</introduction>
<method> 
In this work, we perform extensive experiments to compare state-of-the-art SPARQL endpoint federation systems using the comprehensive performance evaluation framework FedBench. In addition to considering the tradition query runtime as an evaluation criterion, we extend the scope of our performance evaluation by considering criteria, which have not been paid much attention to in previous studies. 
</method> 
<results>In particular, we consider the number of sources selected, the total number of SPARQL ASK requests used, the completeness of answers as well as the source selection time. Yet, we show that they have a significant impact on the overall query runtime of existing systems. Moreover, we extend FedBench to mirror a highly distributed data environment and assess the behavior of existing systems by using the same performance criteria. As the result we provide a detailed analysis of the experimental outcomes that reveal novel insights for improving current and future SPARQL federation systems.</results> </abstract>

<pages>493-518</pages>
<year>2016</year>
<volume>7</volume>
<journal>Semantic Web</journal>
<number>5</number>
<ee>https://doi.org/10.3233/SW-150186</ee>
<url>db/journals/semweb/semweb7.html#SaleemKHEN15</url>
</article></dblp>
