<?xml version="1.0" encoding="US-ASCII"?>
<dblp>
<article key="journals/semweb/SalvadoresAMN13" mdate="2017-05-20">
<author>Manuel Salvadores</author>
<author>Paul R. Alexander</author>
<author>Mark A. Musen</author>
<author>Natalya Fridman Noy</author>
<title>BioPortal as a dataset of linked biomedical ontologies and terminologies in RDF.</title>

<abstract> 
<introduction>BioPortal is a repository of biomedical ontologies – the largest such repository, with more than 300 ontologies to date. This set includes ontologies that were developed in OWL, OBO and other formats, as well as a large number of medical terminologies that the US National Library of Medicine distributes in its own proprietary format. We have published the RDF version of all these ontologies at http://sparql.bioontology.org. This dataset contains 190M triples, representing both metadata and content for the 300 ontologies. 
</introduction>
<method> We use the metadata that the ontology authors provide and simple RDFS reasoning in order to provide dataset users with uniform access to key properties of the ontologies, such as lexical properties for the class names and provenance data. 
</method> <discussion_conclusion>
The dataset also contains 9.8M cross-ontology mappings of different types, generated both manually and automatically, which come with their own metadata. </discussion_conclusion></abstract>

<pages>277-284</pages>
<year>2013</year>
<volume>4</volume>
<journal>Semantic Web</journal>
<number>3</number>
<ee>https://doi.org/10.3233/SW-2012-0086</ee>
<url>db/journals/semweb/semweb4.html#SalvadoresAMN13</url>
</article></dblp>
