<?xml version="1.0" encoding="US-ASCII"?>
<dblp>
<article key="journals/semweb/Schlieder10" mdate="2017-05-20">
<author>Christoph Schlieder</author>
<title>Digital heritage: Semantic challenges of long-term preservation.</title>

<abstract> <introduction>The major digital preservation initiatives are about as old as the idea of the Semantic Web but the research areas only had little effect upon each other. This article identifies connections between the two research agendas. 
</introduction>
<method> 
Three types of ageing processes are distinguished which affect digital records: media ageing, semantic ageing, and cultural ageing. It is argued that a period of 100 years constitutes an appropriate temporal frame of reference for addressing the problem of semantic ageing. Ongoing format migration constitutes currently the best option for temporal scaling at the semantic level. 
</method>
<discussion_conclusion>It can be formulated as an ontology matching problem. Research issues arising from this perspective are formulated that relate to the identification of long-term change patterns of ontologies and the long-term monitoring of ontology usage. 
Finally, challenges of cultural ageing are discussed.  </discussion_conclusion></abstract>

<pages>143-147</pages>
<year>2010</year>
<volume>1</volume>
<journal>Semantic Web</journal>
<number>1-2</number>
<ee>https://doi.org/10.3233/SW-2010-0013</ee>
<url>db/journals/semweb/semweb1.html#Schlieder10</url>
</article></dblp>
