<?xml version="1.0" encoding="US-ASCII"?>
<dblp>
<article key="journals/semweb/SchulzGJ17" mdate="2017-05-20">
<author>Axel Schulz</author>
<author>Christian Guckelsberger</author>
<author>Frederik Janssen</author>
<title>Semantic Abstraction for generalization of tweet classification: An evaluation of incident-related tweets.</title>
<abstract>
<introduction>
Social media is a rich source of up-to-date information about events such as incidents. The sheer amount of available information makes machine learning approaches a necessity to process this information further. This learning problem is often concerned with regionally restricted datasets such as data from only one city. Because social media data such as tweets varies considerably across different cities, the training of efficient models requires labeling data from each city of interest, which is costly and time consuming. To avoid such an expensive labeling procedure, a generalizable model can be trained on data from one city and then applied to data from different cities. In this paper, we present Semantic Abstraction to improve the generalization of tweet classification. 
</introduction>
<method>
In particular, we derive features from Linked Open Data and include location and temporal mentions. 
</method>
<results>
A comprehensive evaluation on twenty datasets from ten different cities shows that Semantic Abstraction is indeed a valuable means for improving generalization. 
</results>
<discussion_conclusion>
We show that this not only holds for a two-class problem where incident-related tweets are separated from non-related ones but also for a four-class problem where three different incident types and a neutral class are distinguished. To get a thorough understanding of the generalization problem itself, we closely examined rule-based models from our evaluation. We conclude that on the one hand, the quality of the model strongly depends on the class distribution. On the other hand, the rules learned on cities with an equal class distribution are in most cases much more intuitive than those induced from skewed distributions. We also found that most of the learned rules rely on the novel semantically abstracted features. 
</discussion_conclusion>
</abstract>
<pages>353-372</pages>
<year>2017</year>
<volume>8</volume>
<journal>Semantic Web</journal>
<number>3</number>
<ee>https://doi.org/10.3233/SW-150188</ee>
<url>db/journals/semweb/semweb8.html#SchulzGJ17</url>
</article></dblp>
