<?xml version="1.0" encoding="US-ASCII"?>
<dblp>
<article key="journals/semweb/SekerE17" mdate="2017-05-20">
<author>G&#246;khan Akin Seker</author>
<author>G&#252;lsen Eryigit</author>
<title>Extending a CRF-based named entity recognition model for Turkish well formed text and user generated content.</title>

<abstract>  <introduction>Named entity recognition (NER), which provides useful information for many high level NLP applications and semantic web technologies, is a well-studied topic for most of the languages and especially for English. However, the modelling of morphologically rich languages (MRLs) for the NER task is still an open research area. The studies for Turkish which is a strong representative of MRLs have fallen behind the well-studied languages for a long while. In recent years, Turkish NER intrigued researchers due to its scarce data resources and the unavailability of high-performing systems. Especially, the need to semantically enrich the textual data coming with user generated content initiated many studies in this field. 
</introduction>
<method> 
This article presents a CRF-based NER system which successfully models the morphologically very rich nature of this language, its extensions to expand the covered named entity types, and also to process extra challenging user generated content coming with Web 2.0. The article introduces the re-annotation of the available datasets and a brand new dataset from Web 2.0. 
</method> 
<results>
The introduced approach reveals an exact match F1 score of 92% on a dataset collected from Turkish news articles and ∼65% on different datasets collected from Web 2.0. The proposed model is believed to be easily applied to similar MRLs with relevant resources. </results></abstract>

<pages>625-642</pages>
<year>2017</year>
<volume>8</volume>
<journal>Semantic Web</journal>
<number>5</number>
<ee>https://doi.org/10.3233/SW-170253</ee>
<url>db/journals/semweb/semweb8.html#SekerE17</url>
</article></dblp>
