<?xml version="1.0" encoding="US-ASCII"?>
<dblp>
<article key="journals/semweb/Serasset15" mdate="2017-05-20">
<author>Gilles S&#233;rasset</author>
<title>DBnary: Wiktionary as a Lemon-based multilingual lexical resource in RDF.</title>

<abstract> <introduction>Contributive resources, such as Wikipedia, have proved to be valuable to Natural Language Processing or multilingual Information Retrieval applications. This work focusses on Wiktionary, the dictionary part of the resources sponsored by the Wikimedia foundation. 
</introduction>
<method> 
In this article, we present our extraction of multilingual lexical data from Wiktionary data and to provide it to the community as a Multilingual Lexical Linked Open Data (MLLOD). This lexical resource is structured using the LEMON Model. This data, called DBnary, is registered at http://thedatahub.org/dataset/dbnary. </method>  </abstract>

<pages>355-361</pages>
<year>2015</year>
<volume>6</volume>
<journal>Semantic Web</journal>
<number>4</number>
<ee>https://doi.org/10.3233/SW-140147</ee>
<url>db/journals/semweb/semweb6.html#Serasset15</url>
</article></dblp>
