<?xml version="1.0" encoding="US-ASCII"?>
<dblp>
<article key="journals/semweb/StolpeH17" mdate="2017-08-17">
<author>Audun Stolpe</author>
<author>Jonas Halvorsen</author>
<title>Distributed query processing in the presence of blank nodes.</title>
<abstract>
<introduction>
This paper demonstrates that the presence of blank nodes in RDF data represents a problem for distributed processing of SPARQL queries. It is shown that the usual decomposition strategies from the literature will leak information � even when information derives from a single source. 
</introduction>
<method> 
It is argued that this leakage, and the proper reparational measures, need to be accounted for in a formal semantics. To this end a set semantics for SPARQL is generalized with a parameter representing execution contexts. This makes it possible to keep tabs on the naming of blank nodes across execution contexts, which in turn makes it possible to articulate a decomposition strategy that is provably sound and complete wrt. any selection of RDF sources even when blank nodes are allowed. 
</method> 
<results>
Alas, this strategy is not computationally tractable. 
</results>
<discussion_conclusion>
However, there are ways of utilizing knowledge about the sources, if one has it, that will help considerably. 
</discussion_conclusion>
</abstract>
<pages>1001-1021</pages>
<year>2017</year>
<volume>8</volume>
<journal>Semantic Web</journal>
<number>6</number>
<ee>https://doi.org/10.3233/SW-160250</ee>
<url>db/journals/semweb/semweb8.html#StolpeH17</url>
</article>
</dblp>
