<?xml version="1.0" encoding="US-ASCII"?>
<dblp>
<article key="journals/semweb/Stolpe15" mdate="2017-05-20">
<author>Audun Stolpe</author>
<title>
A logical characterisation of SPARQL federation.</title><abstract>
<introduction>The paper provides a logical characterisation of distributed processing of SPARQL queries. The principal notion analysed is that of a distribution scheme; a pair consisting of an evaluation rule and a distribution function. Different choices of evaluation rules and distribution functions give different federation schemes that are proved to be sound and complete wrt. different selections of RDF datasets. 
</introduction>
<method> 
Three distribution functions are singled out for special attention, called the even-, standard- and prudent distribution respectively. 
</method> 
<results>
All yield sound and complete federation schemes when combined with an evaluation rule named the collect-and-combine rule. 
</results>
<discussion_conclusion>
The completeness results thus obtained are next compared to existing federation systems with the aim of illustrating the potential utility of a framework in which salient properties can be formulated and explored. 
The final section, relates distribution schemes to the heuristic notion of a join-ordering to yield sound and complete execution plans for the aforementioned federation schemes. 
</discussion_conclusion>
</abstract>
<pages>565-584</pages>
<year>2015</year>
<volume>6</volume>
<journal>Semantic Web</journal>
<number>6</number>
<ee>https://doi.org/10.3233/SW-140160</ee>
<url>db/journals/semweb/semweb6.html#Stolpe15</url>
</article></dblp>
