<?xml version="1.0" encoding="US-ASCII"?>
<dblp>
<article key="journals/semweb/StutzSB16" mdate="2017-05-20">
<author>Philip Stutz</author>
<author>Daniel Strebel</author>
<author>Abraham Bernstein</author>
<title>Signal/Collect12.</title>
<abstract>
<introduction>
Both researchers and industry are confronted with the need to process increasingly large amounts of data, much of which has a natural graph representation. Some use MapReduce for scalable processing, but this abstraction is not designed for graphs and has shortcomings when it comes to both iterative and asynchronous processing, which are particularly important for graph algorithms. 
</introduction>
<method> 
This paper presents the Signal/Collect programming model for scalable synchronous and asynchronous graph processing. We show that this abstraction can capture the essence of many algorithms on graphs in a concise and elegant way by giving Signal/Collect adaptations of algorithms that solve tasks as varied as clustering, inferencing, ranking, classification, constraint optimisation, and even query processing. Furthermore, we built and evaluated a parallel and distributed framework that executes algorithms in our programming model. 
</method> 
<results>
We empirically show that our framework efficiently and scalably parallelises and distributes algorithms that are expressed in the programming model. We also show that asynchronicity can speed up execution times. Our framework can compute a PageRank on a large (>1.4 billion vertices, >6.6 billion edges) real-world graph in 112 seconds on eight machines, which is competitive with other graph processing approaches.
</results>
</abstract>
<pages>139-166</pages>
<year>2016</year>
<volume>7</volume>
<journal>Semantic Web</journal>
<number>2</number>
<ee>https://doi.org/10.3233/SW-150176</ee>
<url>db/journals/semweb/semweb7.html#StutzSB16</url>
</article></dblp>
