<?xml version="1.0" encoding="US-ASCII"?>
<dblp>
<article key="journals/semweb/Swift15" mdate="2017-05-20">
<author>Terrance Swift</author>
<title>Forest logging: A trace-based analysis of large rule-based computations.</title>
<abstract>
<introduction>
Knowledge representation systems based on the well-founded semantics can offer the degree of scalability required for semantic web applications and make use of expressive semantic features such as Hilog, frame-based reasoning, and defeasibility theories. Such features can be compiled into Prolog tabling engines that have good support for indexing and memory management. However, due both to the power of the semantic features and to the declarative style typical of knowledge representation rules, the resources needed for query evaluation can be unpredictable. In such a situation, users need to understand the overall structure of a computation and examine problematic portions of it. This problem, of profiling a computation, differs from debugging and justification which address why a given answer was or wasn�t derived, and so profiling requires different techniques. 
</introduction>
<method>
In this paper we present a trace-based analysis technique called forest logging which has been used to profile large, heavily tabled computations. In forest logging, critical aspects of a tabled computation are logged; afterwards the log is loaded and analyzed. 
</method> 
<results>
As implemented in XSB, forest logging slows down execution of practical programs by a constant factor that is often small; and logs containing tens or hundreds of millions of facts can be loaded and analyzed in minutes. 
</results></abstract>
<pages>427-449</pages>
<year>2015</year>
<volume>6</volume>
<journal>Semantic Web</journal>
<number>5</number>
<ee>https://doi.org/10.3233/SW-140144</ee>
<url>db/journals/semweb/semweb6.html#Swift15</url>
</article></dblp>
