<?xml version="1.0" encoding="US-ASCII"?>
<dblp>
<article key="journals/semweb/TorniaiBH15" mdate="2017-05-20">
<author>Carlo Torniai</author>
<author>Daniela Bourges-Waldegg</author>
<author>Scott Hoffmann</author>
<title>eagle-i: Biomedical research resource datasets.</title>
<abstract><introduction>In this paper we present the linked data sets produced by the eagle-i project. We describe the content, the features and some of the applications currently leveraging these datasets. </introduction></abstract><pages>139-146</pages>
<year>2015</year>
<volume>6</volume>
<journal>Semantic Web</journal>
<number>2</number>
<ee>https://doi.org/10.3233/SW-130133</ee>
<url>db/journals/semweb/semweb6.html#TorniaiBH15</url>
</article></dblp>
