<?xml version="1.0" encoding="US-ASCII"?>
<dblp>
<article key="journals/semweb/TrampFESA14" mdate="2017-05-20">
<author>Sebastian Tramp</author>
<author>Philipp Frischmuth</author>
<author>Timofey Ermilov</author>
<author>Saeedeh Shekarpour</author>
<author>S&#246;ren Auer</author>
<title>An architecture of a distributed semantic social network.</title>
<abstract>
<introduction>
Online social networking has become one of the most popular services on the Web. However, current social networks are like walled gardens in which users do not have full control over their data, are bound to specific usage terms of the social network operator and suffer from a lock-in effect due to the lack of interoperability and standards compliance between social networks. 
</introduction>
<method> 
In this paper we propose an architecture for an open, distributed social network, which is built solely on Semantic Web standards and emerging best practices. Our architecture combines vocabularies and protocols such as WebID, FOAF, Semantic Pingback and PubSubHubbub into a coherent distributed semantic social network, which is capable to provide all crucial functionalities known from centralized social networks. We present our reference implementation, which utilizes the OntoWiki application framework and take this framework as the basis for an extensive evaluation.
</method> 
<results>
Our results show that a distributed social network is feasible, while it also avoids the limitations of centralized solutions. 
</results>
</abstract><pages>77-95</pages>
<year>2014</year>
<volume>5</volume>
<journal>Semantic Web</journal>
<number>1</number>
<ee>https://doi.org/10.3233/SW-2012-0082</ee>
<url>db/journals/semweb/semweb5.html#TrampFESA14</url>
</article></dblp>
