<?xml version="1.0" encoding="US-ASCII"?>
<dblp>
<article key="journals/semweb/TroullinouKDP17" mdate="2017-08-17">
<author>Georgia Troullinou</author>
<author>Haridimos Kondylakis</author>
<author>Evangelia Daskalaki</author>
<author>Dimitris Plexousakis</author>
<title>Ontology understanding without tears: The summarization approach.</title>
<abstract>
<introduction>
Given the explosive growth in both data size and schema complexity, data sources are becoming increasingly difficult to use and comprehend. Summarization aspires to produce an abridged version of the original data source highlighting its most representative concepts. 
</introduction>
<method> 
In this paper, we present an advanced version of the RDF Digest, a novel platform that automatically produces and visualizes high quality summaries of RDF/S Knowledge Bases (KBs). A summary is a valid RDFS graph that includes the most representative concepts of the schema, adapted to the corresponding instances. To construct this graph we designed and implemented two algorithms that exploit both the structure of the corresponding graph and the semantics of the KB. Initially we identify the most important nodes using the notion of relevance. Then we explore how to select the edges connecting these nodes by maximizing either locally or globally the importance of the selected edges. 
</method> 
<results>
The extensive evaluation performed compares our system with two other systems and shows the benefits of our approach and the considerable advantages gained. 
</results>
</abstract><pages>797-815</pages>
<year>2017</year>
<volume>8</volume>
<journal>Semantic Web</journal>
<number>6</number>
<ee>https://doi.org/10.3233/SW-170264</ee>
<url>db/journals/semweb/semweb8.html#TroullinouKDP17</url>
</article>
</dblp>
