<?xml version="1.0" encoding="US-ASCII"?>
<dblp>
<article key="journals/semweb/VafopoulosMAPXA15" mdate="2017-05-20">
<author>Michalis Vafopoulos</author>
<author>Marios Meimaris</author>
<author>Ioannis Anagnostopoulos</author>
<author>Agis Papantoniou</author>
<author>Ioannis Xidias</author>
<author>Giorgos Alexiou</author>
<author>Giorgos Vafeiadis</author>
<author>Michalis Klonaras</author>
<author>Vassilis Loumos</author>
<title>Public spending as LOD: The case of Greece.</title>
<abstract><introduction>
The Public Spending (PS) project is the first attempt to generate, curate, interlink and distribute daily updated public spending data in LOD formats that can be useful to both expert (i.e. scientists and professionals) and na�ve users. The PS ontology is based on the UK payments ontology and reuses, among others, the W3C Registered Organization Vocabulary and the Core Business Vocabulary. 
</introduction>
<method>
RDFized data are linked to product classifications, Geonames and DBpedia resources. Online services contain advanced search features and domain level information (e.g. local government), simple and complex visualizations based on network analysis, linked information about payment entities and SPARQL endpoints. 
</method> <discussion_conclusion>
During February 2013, the growing dataset consists of approximately 2 million payment decisions valued 44.5 billion euros forming 65 million triples.</discussion_conclusion></abstract>

<pages>155-164</pages>
<year>2015</year>
<volume>6</volume>
<journal>Semantic Web</journal>
<number>2</number>
<ee>https://doi.org/10.3233/SW-140155</ee>
<url>db/journals/semweb/semweb6.html#VafopoulosMAPXA15</url>
</article></dblp>
