<?xml version="1.0" encoding="US-ASCII"?>
<dblp>
<article key="journals/semweb/ValleSKBCH13" mdate="2017-06-14">
<author>Emanuele Della Valle</author>
<author orcid="0000-0002-3282-1597">Stefan Schlobach</author>
<author orcid="0000-0002-9172-2601">Markus Kr&#246;tzsch</author>
<author>Alessandro Bozzon</author>
<author>Stefano Ceri</author>
<author orcid="0000-0002-2685-7462">Ian Horrocks</author>
<title>Order matters! Harnessing a world of orderings for reasoning over massive data.</title>
<abstract>
<introduction>
More and more applications require real-time processing of massive, dynamically generated, ordered data; order is an essential factor as it reflects recency or relevance. Semantic technologies risk being unable to meet the needs of such applications, as they are not equipped with the appropriate instruments for answering queries over massive, highly dynamic, ordered data sets. 
</introduction> <method> 
In this vision paper, we argue that some data management techniques should be exported to the context of semantic technologies, by integrating ordering with reasoning, and by using methods which are inspired by stream and rank-aware data management. 
</method> <discussion_conclusion>
We systematically explore the problem space, and point both to problems which have been successfully approached and to problems which still need fundamental research, in an attempt to stimulate and guide a paradigm shift in semantic technologies. </discussion_conclusion>
</abstract>

<pages>219-231</pages>
<year>2013</year>
<volume>4</volume>
<journal>Semantic Web</journal>
<number>2</number>
<ee>https://doi.org/10.3233/SW-2012-0085</ee>
<url>db/journals/semweb/semweb4.html#ValleSKBCH13</url>
</article></dblp>
