<?xml version="1.0" encoding="US-ASCII"?>
<dblp>
<article key="journals/semweb/VandenbusscheAP17" mdate="2017-06-14">
<author>Pierre-Yves Vandenbussche</author>
<author orcid="0000-0003-1562-6922">Ghislain Atemezing</author>
<author>Mar&#237;a Poveda-Villal&#243;n</author>
<author>Bernard Vatant</author>
<title>Linked Open Vocabularies (LOV): A gateway to reusable semantic vocabularies on the Web.</title>
<abstract>
<introduction>
One of the major barriers to the deployment of Linked Data is the difficulty that data publishers have in determining which vocabularies to use to describe the semantics of data. 
</introduction>
<method> 
This systematic report describes Linked Open Vocabularies (LOV), a high-quality catalogue of reusable vocabularies for the description of data on the Web. The LOV initiative gathers and makes visible indicators such as the interconnections between vocabularies and each vocabulary�s version history, along with past and current editor (individual or organization). The report details the various components of the system along with some innovations, such as the introduction of a property-level boost in the vocabulary search scoring that takes into account the property�s type (e.g., dc:comment) associated with a matching literal value. 
</method><discussion_conclusion>
By providing an extensive range of data access methods (full-text search, SPARQL endpoint, API, data dump or UI), the project aims at facilitating the reuse of well-documented vocabularies in the Linked Data ecosystem. The adoption of LOV by many applications and methods shows the importance of such a set of vocabularies and related features for ontology design and the publication of data on the Web. </discussion_conclusion>
</abstract>

<pages>437-452</pages>
<year>2017</year>
<volume>8</volume>
<journal>Semantic Web</journal>
<number>3</number>
<ee>https://doi.org/10.3233/SW-160213</ee>
<url>db/journals/semweb/semweb8.html#VandenbusscheAP17</url>
</article></dblp>
