<?xml version="1.0" encoding="US-ASCII"?>
<dblp>
<article key="journals/semweb/VandenbusscheUM17" mdate="2017-08-17">
<author>Pierre-Yves Vandenbussche</author>
<author>J&#252;rgen Umbrich</author>
<author>Luca Matteis</author>
<author>Aidan Hogan</author>
<author>Carlos Buil Aranda</author>
<title>SPARQLES: Monitoring public SPARQL endpoints.</title>

<abstract>
<introduction>
We describe SPARQLES: an online system that monitors the health of public SPARQL endpoints on the Web by probing them with custom-designed queries at regular intervals. 
</introduction><method> 
We present the architecture of SPARQLES and the variety of analytics that it runs over public SPARQL endpoints, categorised by availability, discoverability, performance and interoperability. We also detail the interfaces that the system provides for human and software agents to learn more about the recent history and current state of an individual SPARQL endpoint or about overall trends concerning the maturity of all endpoints monitored by the system.
</method><discussion_conclusion>  We likewise present some details of the performance of the system and the impact it has had thus far.</discussion_conclusion> 
</abstract>


<pages>1049-1065</pages>
<year>2017</year>
<volume>8</volume>
<journal>Semantic Web</journal>
<number>6</number>
<ee>https://doi.org/10.3233/SW-170254</ee>
<url>db/journals/semweb/semweb8.html#VandenbusscheUM17</url>
</article>
</dblp>
