<?xml version="1.0" encoding="US-ASCII"?>
<dblp>
<article key="journals/semweb/VardemanKCJFHB17" mdate="2017-05-20">
<author>Charles F. Vardeman II</author>
<author>Adila Alfa Krisnadhi</author>
<author>Michelle Cheatham</author>
<author>Krzysztof Janowicz</author>
<author>Holly Ferguson</author>
<author>Pascal Hitzler</author>
<author>Aimee P. C. Buccellato</author>
<title>An Ontology Design Pattern and its use case for modeling material transformation.</title>
<abstract>
<method> 
In this work we introduce a content Ontology Design Pattern (ODP) to model and reason about material transformations, a concept that occurs in many different domains ranging from computational chemistry, biology, and industrial ecology to architecture. We model the relationships between inputs, outputs, and catalysts in the transformation process as well as the spatial and temporal constraints necessary for a transformation to occur. 
</method> <discussion_conclusion>
Both a graphical illustration and a formal axiomatization are provided, and the commonalities and differences to similar ontologies and patterns are discussed. Usage of the pattern is illustrated by applying it to an intuitive and familiar example and by discussing how the pattern is able to address a set of competency questions. Additionally, we present a detailed use case from the domain of sustainable construction that leverages the material transformation pattern in combination with the already-existing semantic trajectory ontology design pattern.</discussion_conclusion></abstract> 

<pages>719-731</pages>
<year>2017</year>
<volume>8</volume>
<journal>Semantic Web</journal>
<number>5</number>
<ee>https://doi.org/10.3233/SW-160231</ee>
<url>db/journals/semweb/semweb8.html#VardemanKCJFHB17</url>
</article></dblp>
