<?xml version="1.0" encoding="US-ASCII"?>
<dblp>
<article key="journals/semweb/VermaKV14" mdate="2017-05-20">
<author>Kunal Verma</author>
<author>Alex Kass</author>
<author>Reymonrod G. Vasquez</author>
<title>Using syntactic and semantic analyses to improve the quality of requirements documentation.</title>
<abstract><introduction>
We discuss our experiences with deploying a tool called the Requirements Analysis Tool (RAT), which automatically reviews requirements documents for clarity and content based issues using a variety of syntactic and semantic techniques. The tool has been deployed at over 500 large software projects. 
</introduction>
<method> 
We provide an overview of our syntactic approach, which is based on enforcing restrictions on both sentence structure and vocabulary in a way that is carefully chosen to align with best practices. We discuss how RAT analyzes natural language text to find defects such as terminological inconsistencies and missing contextual information. Structured content from requirements is then represented as a semantic graph and RAT performs semantic analysis to help users perform interaction analysis. 
</method> <discussion_conclusion>
We present a number of case studies based on real world deployments of RAT which demonstrate number of improvements in the projects' requirements ranging from clearer sentence structure to more complete requirements. 
</discussion_conclusion></abstract>

<pages>405-419</pages>
<year>2014</year>
<volume>5</volume>
<journal>Semantic Web</journal>
<number>5</number>
<ee>https://doi.org/10.3233/SW-2012-0071</ee>
<url>db/journals/semweb/semweb5.html#VermaKV14</url>
</article></dblp>
