<?xml version="1.0" encoding="US-ASCII"?>
<dblp>
<article key="journals/semweb/VermaK10" mdate="2017-05-20">
<author>Kunal Verma</author>
<author>Alex Kass</author>
<title>Model-Assisted Software Development: Using a 'semantic bus' to automate steps in the software development process.</title>
<abstract>
<introduction>
The early phases of the software-development lifecycle (SDLC) for enterprise-scale systems � in particular, requirements elicitation, functional design, and technical design � are difficult to automate because they involve the application of several different kinds of domain knowledge. 
</introduction>
<method> 
In this paper, we will provide a vision of how creating semantic models of domain knowledge used in each phase, and defining semantic representation, through which tools in the various phases can communicate knowledge across phases, can help provide more automation both within and across these phases. 
</method> <discussion_conclusion>
We refer to the collection of semantic models needed to support this automation as the semantic bus for software development. We refer to the semi-automated process that we envision making use of this bus to support the SDLC as, Model-Assisted Software Development (MASD), which is a variation on the Model-Driven Development idea. We will describe tooling we have built which realizes part of this vision, and will outline a roadmap of potential research opportunities in this space. </discussion_conclusion>
</abstract>



<pages>17-24</pages>
<year>2010</year>
<volume>1</volume>
<journal>Semantic Web</journal>
<number>1-2</number>
<ee>https://doi.org/10.3233/SW-2010-0022</ee>
<url>db/journals/semweb/semweb1.html#VermaK10</url>
</article></dblp>
